date,high,low,open,close,avg,volume
2013-01-02,17.0,16.5,16.5,16.8,16.741,2474280.0
2013-01-03,16.8,16.2,16.7,16.4,16.471,2733270.0
2013-01-04,16.8,16.2,16.3,16.6,16.496,2132210.0
2013-01-07,17.0,16.6,16.8,16.6,16.734,2252310.0
2013-01-08,17.4,16.5,16.5,17.3,16.995,4216410.0
2013-01-09,18.1,17.2,17.8,17.3,17.751,5797920.0
2013-01-10,17.9,17.1,17.3,17.9,17.47,2255250.0
2013-01-11,18.4,17.8,18.4,18.1,18.133,3875980.0
2013-01-14,18.3,17.6,17.8,17.9,17.927,2817430.0
2013-01-15,18.7,17.8,18.0,18.4,18.204,3048860.0
2013-01-16,19.0,18.4,18.7,18.6,18.656,2094470.0
2013-01-17,18.6,18.1,18.5,18.1,18.312,2908600.0
2013-01-18,18.1,17.6,18.0,17.7,17.799,2452790.0
2013-01-21,18.3,17.7,18.2,17.8,17.97,1661850.0
2013-01-22,18.0,17.0,17.8,17.2,17.38,2162460.0
2013-01-23,17.5,17.0,17.2,17.3,17.242,1425160.0
2013-01-24,17.8,17.3,17.4,17.8,17.561,1263620.0
2013-01-25,18.6,17.9,18.0,18.4,18.383,3449360.0
2013-01-28,19.4,18.5,18.6,18.9,18.999,4754420.0
2013-01-29,19.3,18.7,18.9,19.0,19.009,2148400.0
2013-01-30,19.3,18.8,19.1,19.0,19.048,2005370.0
2013-01-31,18.9,18.6,18.8,18.6,18.737,2437540.0
2013-02-01,18.6,18.3,18.5,18.5,18.42,1581680.0
2013-02-04,18.8,18.5,18.8,18.6,18.672,1165800.0
2013-02-05,18.7,18.4,18.5,18.6,18.564,1003820.0
2013-02-06,19.5,18.7,18.8,19.2,19.039,1261810.0
2013-02-07,19.5,19.2,19.4,19.4,19.347,1313760.0
2013-02-08,19.6,19.2,19.4,19.4,19.445,1281420.0
2013-02-18,20.0,19.4,19.6,19.6,19.652,1941090.0
2013-02-19,19.7,19.2,19.6,19.3,19.508,2381710.0
2013-02-20,19.5,19.0,19.3,19.3,19.217,2172780.0
2013-02-21,19.5,18.0,19.4,18.0,18.785,2882510.0
2013-02-22,18.8,17.8,18.6,18.3,18.185,3612190.0
2013-02-25,18.5,18.2,18.3,18.3,18.338,831410.0
2013-02-26,18.3,17.2,18.2,17.3,17.751,2574750.0
2013-02-27,17.8,17.1,17.5,17.8,17.511,1856640.0
2013-02-28,18.4,17.8,18.0,18.1,18.132,1367940.0
2013-03-01,18.3,18.0,18.1,18.1,18.111,1109840.0
2013-03-04,18.1,17.2,18.1,17.3,17.59,1866190.0
2013-03-05,17.5,16.9,17.2,17.2,17.196,1773310.0
2013-03-06,17.6,17.3,17.6,17.5,17.435,549630.0
2013-03-07,17.7,17.2,17.5,17.4,17.443,792750.0
2013-03-08,17.7,17.4,17.4,17.6,17.568,680480.0
2013-03-11,18.2,17.6,17.8,18.2,17.877,1006000.0
2013-03-12,18.3,17.6,18.2,18.0,17.949,1455420.0
2013-03-13,18.1,17.8,18.1,17.8,17.974,1096700.0
2013-03-14,18.0,17.7,17.8,17.8,17.828,365220.0
2013-03-15,18.1,17.8,17.8,18.0,17.938,737050.0
2013-03-18,18.1,17.8,18.0,17.8,17.887,791230.0
2013-03-19,17.9,17.6,17.7,17.9,17.756,564980.0
2013-03-20,18.2,17.8,17.9,17.9,18.014,798610.0
2013-03-21,18.3,18.0,18.0,18.1,18.141,1474410.0
2013-03-22,18.2,17.6,18.2,17.8,17.883,892970.0
2013-03-25,18.0,17.7,17.9,17.9,17.862,377340.0
2013-03-26,18.1,17.8,18.0,17.8,17.944,852060.0
2013-03-27,17.8,17.5,17.8,17.5,17.645,932910.0
2013-03-28,17.8,17.4,17.5,17.4,17.554,882660.0
2013-03-29,17.5,17.0,17.2,17.5,17.24,1242810.0
2013-04-01,18.0,17.3,17.3,18.0,17.616,1235400.0
2013-04-02,18.5,18.0,18.0,18.0,18.234,2162610.0
2013-04-03,18.2,17.8,18.0,17.9,18.005,1191170.0
2013-04-04,18.0,17.7,17.9,17.7,17.806,1122120.0
2013-04-05,17.9,17.6,17.9,17.9,17.758,867680.0
2013-04-08,18.8,18.0,18.0,18.5,18.333,3156030.0
2013-04-09,19.1,18.4,18.5,19.0,18.79,3700250.0
2013-04-10,19.2,18.5,19.0,18.5,18.857,1776470.0
2013-04-11,18.6,18.1,18.6,18.3,18.395,2215430.0
2013-04-12,18.4,17.7,18.4,17.8,17.961,1448730.0
2013-04-15,17.8,17.3,17.8,17.4,17.505,1816500.0
2013-04-16,17.6,17.0,17.2,17.4,17.3,1264560.0
2013-04-17,17.6,17.3,17.5,17.5,17.445,467920.0
2013-04-18,17.5,17.2,17.4,17.2,17.271,874900.0
2013-04-22,17.3,16.8,17.2,16.9,16.993,954610.0
2013-04-23,17.3,17.0,17.1,17.1,17.125,555610.0
2013-04-24,17.3,17.0,17.2,17.2,17.149,337110.0
2013-04-25,17.3,17.1,17.1,17.2,17.234,399440.0
2013-04-26,17.2,17.0,17.1,17.1,17.091,337370.0
2013-05-02,17.2,17.0,17.1,17.0,17.021,259320.0
2013-05-03,17.1,16.9,16.9,17.1,17.022,384620.0
2013-05-06,17.9,17.3,17.3,17.9,17.58,1103210.0
2013-05-07,17.9,17.5,17.8,17.5,17.728,669740.0
2013-05-08,17.7,17.3,17.5,17.3,17.441,475260.0
2013-05-09,17.6,17.3,17.4,17.5,17.476,536390.0
2013-05-10,17.5,17.3,17.5,17.4,17.422,475160.0
2013-05-13,17.7,17.4,17.4,17.5,17.505,274380.0
2013-05-14,17.5,17.1,17.4,17.3,17.257,686960.0
2013-05-15,17.4,17.1,17.2,17.4,17.255,460920.0
2013-05-16,17.6,17.3,17.4,17.4,17.433,739630.0
2013-05-17,17.4,17.2,17.4,17.3,17.331,265830.0
2013-05-20,17.5,17.3,17.4,17.4,17.387,455390.0
2013-05-21,18.2,17.6,17.6,17.9,17.859,2691250.0
2013-05-22,18.2,17.7,18.2,17.9,17.91,910570.0
2013-05-23,18.0,17.6,17.7,17.7,17.81,1229010.0
2013-05-24,18.0,17.6,17.8,17.9,17.834,1301620.0
2013-05-27,18.7,18.1,18.2,18.4,18.43,3049780.0
2013-05-28,18.8,18.4,18.4,18.8,18.66,3212970.0
2013-05-29,19.5,18.9,19.1,19.0,19.24,5041000.0
2013-05-30,19.2,18.8,19.0,19.2,19.02,1617760.0
2013-05-31,19.7,19.0,19.5,19.0,19.413,3062750.0
2013-06-03,19.1,18.6,19.0,18.6,18.87,2416450.0
2013-06-04,18.9,18.3,18.6,18.3,18.58,2340850.0
2013-06-05,18.7,18.2,18.3,18.6,18.365,1436480.0
2013-06-06,18.9,18.4,18.5,18.7,18.69,1170160.0
2013-06-07,19.2,18.8,18.9,19.1,19.01,2656280.0
2013-06-10,19.4,18.9,19.3,18.9,19.12,1484290.0
2013-06-11,19.0,18.6,18.9,18.6,18.76,1592310.0
2013-06-12,18.8,18.5,18.6,18.6,18.67,905120.0
2013-06-13,18.7,18.3,18.6,18.5,18.49,1506120.0
2013-06-14,18.7,18.4,18.7,18.4,18.503,868920.0
2013-06-17,18.5,18.0,18.4,18.0,18.15,1674550.0
2013-06-18,18.2,17.8,18.0,18.2,17.99,854830.0
2013-06-19,18.3,18.0,18.0,18.1,18.129,487010.0
2013-06-20,18.1,17.9,18.1,17.9,17.955,633930.0
2013-06-21,17.9,17.7,17.8,17.8,17.783,776170.0
2013-06-24,18.1,17.7,18.0,17.8,17.888,1039300.0
2013-06-25,17.9,17.1,17.8,17.4,17.43,1880550.0
2013-06-26,17.6,17.3,17.4,17.3,17.37,1031050.0
2013-06-27,17.7,17.3,17.4,17.7,17.54,1316650.0
2013-06-28,17.8,17.6,17.8,17.6,17.67,755260.0
2013-07-01,17.6,17.4,17.5,17.6,17.48,382560.0
2013-07-02,17.8,17.6,17.6,17.7,17.67,607060.0
2013-07-03,17.8,17.6,17.8,17.6,17.69,357160.0
2013-07-04,17.7,17.6,17.7,17.6,17.61,445430.0
2013-07-05,17.8,17.5,17.7,17.6,17.65,415630.0
2013-07-08,17.7,17.4,17.7,17.4,17.489,545310.0
2013-07-09,17.5,17.3,17.5,17.3,17.346,745300.0
2013-07-10,17.6,17.4,17.4,17.4,17.46,520130.0
2013-07-11,17.8,17.6,17.7,17.8,17.72,1139860.0
2013-07-12,18.2,17.8,17.8,18.1,18.022,1485870.0
2013-07-15,18.2,18.0,18.1,18.1,18.11,991980.0
2013-07-16,18.2,18.0,18.1,18.1,18.1,535670.0
2013-07-17,18.3,18.0,18.1,18.2,18.13,924790.0
2013-07-18,18.3,18.1,18.1,18.1,18.15,855500.0
2013-07-19,18.3,18.0,18.1,18.2,18.144,606360.0
2013-07-22,18.1,17.8,18.1,17.9,17.91,1556660.0
2013-07-23,17.2,17.0,17.2,17.1,17.096,2251750.0
2013-07-24,17.1,16.8,17.1,16.8,16.9,927780.0
2013-07-25,17.0,16.6,16.9,16.6,16.76,712010.0
2013-07-26,16.8,16.4,16.8,16.5,16.51,1185300.0
2013-07-29,16.6,16.3,16.6,16.3,16.38,537490.0
2013-07-30,16.5,16.3,16.3,16.4,16.44,404810.0
2013-07-31,16.6,16.4,16.5,16.5,16.44,231230.0
2013-08-01,16.7,16.4,16.4,16.7,16.51,641610.0
2013-08-02,16.7,16.5,16.7,16.6,16.61,434630.0
2013-08-05,16.7,16.4,16.6,16.5,16.53,441320.0
2013-08-06,16.6,16.4,16.5,16.5,16.471,416980.0
2013-08-07,16.7,16.4,16.5,16.6,16.56,681590.0
2013-08-08,16.7,16.4,16.6,16.5,16.5,320970.0
2013-08-09,16.6,16.4,16.5,16.4,16.46,258000.0
2013-08-12,16.5,16.3,16.5,16.3,16.37,235570.0
2013-08-13,16.4,16.2,16.3,16.2,16.31,319150.0
2013-08-14,16.5,16.1,16.2,16.4,16.24,798440.0
2013-08-15,16.7,16.3,16.5,16.6,16.49,893580.0
2013-08-16,16.7,16.4,16.7,16.6,16.54,465300.0
2013-08-19,17.3,16.8,16.8,17.2,17.12,3530770.0
2013-08-20,17.4,17.0,17.2,17.1,17.15,1038490.0
2013-08-21,17.1,16.8,17.0,16.9,16.9,737260.0
2013-08-22,17.0,16.5,16.8,16.6,16.72,1055050.0
2013-08-23,16.7,16.4,16.7,16.5,16.57,928980.0
2013-08-26,16.6,16.4,16.5,16.6,16.49,676890.0
2013-08-27,16.7,16.4,16.6,16.5,16.54,470070.0
2013-08-28,16.5,16.1,16.4,16.3,16.24,1759780.0
2013-08-29,16.4,16.2,16.4,16.2,16.27,551060.0
2013-08-30,16.3,16.1,16.2,16.3,16.2,388640.0
2013-09-03,16.4,16.1,16.3,16.1,16.23,238810.0
2013-09-04,16.2,15.7,16.2,15.8,15.86,1139400.0
2013-09-05,16.0,15.7,15.9,15.9,15.88,562180.0
2013-09-06,16.2,15.9,16.1,16.2,16.06,546310.0
2013-09-09,16.2,15.7,16.2,15.8,15.83,727670.0
2013-09-10,15.9,15.7,15.9,15.9,15.81,636710.0
2013-09-11,16.1,15.8,16.0,15.9,15.93,347440.0
2013-09-12,16.0,15.8,15.9,15.9,15.89,137750.0
2013-09-13,16.0,15.8,15.8,15.9,15.89,284880.0
2013-09-16,16.0,15.8,16.0,15.9,15.9,377000.0
2013-09-17,15.9,15.7,15.9,15.8,15.81,241400.0
2013-09-18,15.9,15.7,15.9,15.7,15.75,703430.0
2013-09-19,15.9,15.8,15.9,15.8,15.85,251900.0
2013-09-20,15.9,15.7,15.8,15.8,15.8,260860.0
2013-09-23,16.1,15.7,15.9,16.1,15.9,740760.0
2013-09-24,16.3,16.1,16.1,16.2,16.19,756430.0
2013-09-25,16.4,16.1,16.2,16.3,16.26,1483080.0
2013-09-26,16.4,16.1,16.3,16.2,16.25,458120.0
2013-09-27,16.3,16.0,16.3,16.2,16.17,622430.0
2013-09-30,16.7,16.2,16.2,16.6,16.46,1773960.0
2013-10-01,17.0,16.5,16.7,16.6,16.76,2640870.0
2013-10-02,16.8,16.6,16.7,16.7,16.72,919060.0
2013-10-03,16.7,16.4,16.6,16.6,16.49,1343620.0
2013-10-04,16.5,16.3,16.4,16.4,16.41,825860.0
2013-10-07,16.8,16.4,16.4,16.7,16.64,1087930.0
2013-10-08,17.2,16.6,16.7,17.0,16.96,4264360.0
2013-10-09,17.0,16.8,17.0,16.8,16.88,629640.0
2013-10-10,17.0,16.6,16.8,16.7,16.79,622390.0
2013-10-11,16.8,16.6,16.8,16.6,16.66,908780.0
2013-10-14,16.7,16.5,16.7,16.5,16.59,373220.0
2013-10-15,16.7,16.5,16.5,16.6,16.59,546370.0
2013-10-16,16.9,16.6,16.7,16.8,16.8,801890.0
2013-10-17,17.0,16.7,16.9,16.8,16.87,939020.0
2013-10-18,16.9,16.7,16.8,16.9,16.82,399050.0
2013-10-21,17.2,16.9,17.1,17.0,17.06,1783090.0
2013-10-22,17.0,16.7,16.9,16.8,16.818,890760.0
2013-10-23,16.9,16.7,16.8,16.8,16.811,960440.0
2013-10-24,16.9,16.6,16.8,16.6,16.75,663070.0
2013-10-25,16.7,16.5,16.6,16.5,16.56,782650.0
2013-10-28,16.7,16.5,16.6,16.5,16.55,603210.0
2013-10-29,16.6,16.4,16.5,16.6,16.53,459240.0
2013-10-30,16.7,16.5,16.6,16.5,16.6,221910.0
2013-10-31,16.6,16.5,16.5,16.5,16.52,162050.0
2013-11-01,16.6,16.4,16.5,16.5,16.49,387960.0
2013-11-04,16.6,16.4,16.5,16.6,16.47,752530.0
2013-11-05,16.8,16.5,16.6,16.8,16.67,858520.0
2013-11-06,16.9,16.7,16.8,16.9,16.81,1058590.0
2013-11-07,17.0,16.8,16.9,16.8,16.88,1613460.0
2013-11-08,16.9,16.8,16.8,16.9,16.82,444680.0
2013-11-11,17.0,16.8,16.9,17.0,16.91,944360.0
2013-11-12,17.1,16.8,17.1,16.8,16.95,1173960.0
2013-11-13,16.9,16.6,16.7,16.7,16.74,363090.0
2013-11-14,16.8,16.6,16.8,16.7,16.69,453720.0
2013-11-15,17.3,16.7,16.7,17.2,17.11,3758080.0
2013-11-18,17.8,17.2,17.3,17.6,17.599,2966440.0
2013-11-19,17.7,17.5,17.6,17.5,17.6,984920.0
2013-11-20,17.5,17.3,17.4,17.5,17.44,1604000.0
2013-11-21,17.9,17.3,17.7,17.3,17.68,2570790.0
2013-11-22,17.5,17.3,17.4,17.4,17.38,1388420.0
2013-11-25,17.9,17.6,17.7,17.6,17.8,3750980.0
2013-11-26,17.9,17.5,17.6,17.8,17.71,1315420.0
2013-11-27,18.0,17.6,17.9,17.7,17.78,1847350.0
2013-11-28,17.8,17.5,17.7,17.6,17.66,982470.0
2013-11-29,17.7,17.4,17.6,17.4,17.53,1107280.0
2013-12-02,17.6,17.3,17.5,17.3,17.37,1409600.0
2013-12-03,18.1,17.4,17.4,17.8,17.8,3483640.0
2013-12-04,18.0,17.8,17.9,17.9,17.93,2055690.0
2013-12-05,18.3,17.8,17.9,18.1,18.1,3684400.0
2013-12-06,18.2,17.9,18.1,18.1,18.0,1384450.0
2013-12-09,18.2,17.8,18.1,17.8,18.0,1348690.0
2013-12-10,17.9,17.6,17.9,17.6,17.73,1834760.0
2013-12-11,17.7,17.4,17.6,17.4,17.51,2310420.0
2013-12-12,17.8,17.3,17.4,17.7,17.53,1333970.0
2013-12-13,17.9,17.6,17.7,17.7,17.78,737320.0
2013-12-16,17.7,17.5,17.6,17.6,17.59,711400.0
2013-12-17,17.7,17.6,17.6,17.7,17.63,747030.0
2013-12-18,17.7,17.5,17.7,17.6,17.57,679370.0
2013-12-19,18.0,17.7,17.7,17.8,17.8,1574080.0
2013-12-20,17.9,17.7,17.9,17.7,17.77,736000.0
2013-12-23,17.9,17.7,17.8,17.9,17.82,862540.0
2013-12-24,17.9,17.6,17.9,17.6,17.74,647290.0
2013-12-25,17.7,17.6,17.6,17.6,17.6,494150.0
2013-12-26,17.9,17.6,17.7,17.7,17.78,900450.0
2013-12-27,17.9,17.6,17.7,17.7,17.71,688120.0
2013-12-30,17.6,17.3,17.6,17.3,17.45,1253260.0
2013-12-31,18.2,17.3,17.4,18.0,17.78,2550970.0
2014-01-02,18.4,17.9,18.1,18.0,18.18,2523710.0
2014-01-03,18.0,17.8,17.8,18.0,17.92,963110.0
2014-01-06,18.4,17.9,18.0,18.3,18.13,2614670.0
2014-01-07,18.5,18.0,18.4,18.0,18.25,2109790.0
2014-01-08,19.0,18.0,18.1,19.0,18.57,6898640.0
2014-01-09,19.6,19.1,19.2,19.5,19.37,3616360.0
2014-01-10,19.7,19.1,19.5,19.1,19.36,3561230.0
2014-01-13,19.7,19.2,19.2,19.3,19.43,3951200.0
2014-01-14,19.7,19.3,19.4,19.5,19.48,2369950.0
2014-01-15,20.8,19.6,19.7,20.5,20.37,7205910.0
2014-01-16,20.8,20.2,20.5,20.8,20.5,3824870.0
2014-01-17,21.5,20.3,21.0,20.3,21.07,5634060.0
2014-01-20,20.9,20.2,20.5,20.3,20.47,4242620.0
2014-01-21,21.2,20.1,20.4,21.2,20.62,4866660.0
2014-01-22,21.5,20.7,21.5,20.9,21.08,4319020.0
2014-01-23,21.4,20.7,20.8,21.0,21.05,3437950.0
2014-01-24,22.1,21.1,21.2,22.0,21.66,4450790.0
2014-01-27,23.0,21.7,21.9,23.0,22.5,4409640.0
2014-02-06,23.8,22.7,22.7,23.5,23.18,3081790.0
2014-02-07,23.7,22.6,23.5,22.8,23.06,5263930.0
2014-02-10,23.8,22.9,22.9,23.8,23.31,4356130.0
2014-02-11,24.8,23.3,24.3,23.4,24.15,5380350.0
2014-02-12,24.4,23.5,24.0,24.4,23.92,5076290.0
2014-02-13,24.7,23.7,24.6,24.4,24.16,4636700.0
2014-02-14,24.8,24.1,24.5,24.6,24.43,3774580.0
2014-02-17,24.9,24.2,24.3,24.4,24.48,3504690.0
2014-02-18,25.0,24.3,24.3,24.9,24.59,4476060.0
2014-02-19,25.9,25.0,25.5,25.7,25.4,4799640.0
2014-02-20,25.8,24.0,25.7,24.5,24.74,9303400.0
2014-02-21,25.5,24.0,24.5,25.2,24.84,7336130.0
2014-02-24,26.4,24.9,25.2,26.4,25.68,5020490.0
2014-02-25,26.8,26.0,26.0,26.8,26.46,5381600.0
2014-02-26,27.0,26.0,26.5,26.9,26.46,6660100.0
2014-02-27,26.9,25.7,26.7,26.0,26.34,6315740.0
2014-02-28,26.2,25.3,26.0,25.8,25.76,5089950.0
2014-03-03,25.9,24.5,25.8,24.7,25.18,5595920.0
2014-03-04,25.3,24.2,24.3,25.0,24.66,4676130.0
2014-03-05,25.7,25.2,25.4,25.7,25.42,2797840.0
2014-03-06,26.3,25.5,25.8,26.0,25.95,5116840.0
2014-03-07,26.7,25.9,26.0,26.2,26.32,4547170.0
2014-03-10,26.7,26.2,26.3,26.5,26.48,2619840.0
2014-03-11,26.8,26.2,26.6,26.4,26.51,3441130.0
2014-03-12,26.6,26.0,26.4,26.1,26.34,3975290.0
2014-03-13,27.4,26.0,26.1,27.4,26.77,7529130.0
2014-03-14,28.0,27.2,27.3,27.4,27.58,5054380.0
2014-03-17,29.0,27.6,27.8,28.8,28.25,5058870.0
2014-03-18,29.6,28.3,28.9,28.9,28.92,5016620.0
2014-03-19,29.3,28.7,28.9,29.3,29.15,3818080.0
2014-03-20,29.4,28.5,29.3,28.7,28.94,5849630.0
2014-03-21,29.1,28.7,28.8,28.9,28.944,2894900.0
2014-03-24,29.7,29.2,29.5,29.7,29.47,2910580.0
2014-03-25,29.8,28.8,29.5,28.8,29.22,5361590.0
2014-03-26,29.2,27.8,29.1,28.0,28.58,6026230.0
2014-03-27,28.5,27.6,28.2,28.5,28.09,3580630.0
2014-03-28,29.4,28.7,28.8,29.3,29.09,4624830.0
2014-03-31,30.2,29.2,29.5,29.8,29.7,5734500.0
2014-04-01,30.0,28.9,29.5,29.1,29.47,5034830.0
2014-04-02,29.2,28.2,29.2,28.8,28.71,4144770.0
2014-04-03,29.5,28.9,29.2,29.2,29.21,2584490.0
2014-04-04,29.3,28.9,29.2,29.1,29.09,2646650.0
2014-04-07,29.6,29.3,29.4,29.4,29.41,3218470.0
2014-04-08,30.2,29.3,29.6,29.9,29.84,5235540.0
2014-04-10,31.2,30.2,30.2,30.8,30.69,6107460.0
2014-04-11,31.3,30.3,30.6,30.7,30.71,5176170.0
2014-04-14,31.2,30.4,31.0,30.5,30.76,3824920.0
2014-04-15,30.5,29.0,30.3,29.1,29.87,5667080.0
2014-04-16,29.1,27.5,28.8,28.5,28.35,6338890.0
2014-04-17,29.3,28.7,28.9,29.0,29.0,4130780.0
2014-04-18,29.0,27.5,29.0,27.5,28.1,3951130.0
2014-04-21,27.4,25.9,27.3,25.9,26.44,4981780.0
2014-04-22,27.6,25.8,26.5,27.6,26.46,3549090.0
2014-04-23,27.8,26.8,27.5,26.9,27.35,1936580.0
2014-04-24,27.3,26.6,26.7,27.0,26.9,1572780.0
2014-04-25,27.4,27.0,27.0,27.2,27.22,1893200.0
2014-04-28,27.4,26.7,27.3,26.7,27.04,1760820.0
2014-04-29,26.9,26.3,26.4,26.7,26.55,1039120.0
2014-05-05,26.9,25.0,26.7,25.0,25.47,3163770.0
2014-05-06,25.0,23.4,25.0,24.5,23.94,5527320.0
2014-05-07,24.9,24.0,24.7,24.2,24.43,1311850.0
2014-05-08,23.6,22.6,23.6,22.6,22.65,5056960.0
2014-05-09,23.0,21.9,22.5,22.7,22.51,4512210.0
2014-05-12,22.0,21.2,21.8,21.2,21.25,2842040.0
2014-05-13,21.2,19.8,21.2,19.8,20.11,4406330.0
2014-05-14,21.1,19.8,19.8,21.1,20.44,3370380.0
2014-05-15,22.4,19.7,21.2,20.5,21.18,5031050.0
2014-05-16,21.9,20.6,20.7,21.9,21.4,3533530.0
2014-05-19,22.8,21.5,21.9,22.4,22.19,2297280.0
2014-05-20,22.7,21.8,22.1,22.7,22.3,3350540.0
2014-05-21,23.6,22.3,22.7,23.4,23.02,3669240.0
2014-05-22,23.9,23.0,23.4,23.1,23.43,3709300.0
2014-05-23,23.3,22.7,23.0,23.1,23.01,2013100.0
2014-05-26,23.3,22.6,22.8,23.1,22.94,1843090.0
2014-05-27,24.4,23.2,23.3,24.4,23.85,4748400.0
2014-05-28,25.0,24.3,24.8,24.6,24.67,3592860.0
2014-05-29,25.0,24.1,24.3,24.1,24.55,4115060.0
2014-05-30,24.5,23.8,24.0,24.1,24.16,3341240.0
2014-06-02,24.1,23.2,24.1,23.3,23.61,3048200.0
2014-06-03,23.7,23.3,23.6,23.4,23.5,1343370.0
2014-06-04,23.4,22.4,23.4,22.8,22.89,3084380.0
2014-06-05,23.6,22.5,22.8,23.3,23.13,2544370.0
2014-06-06,24.9,23.4,23.6,24.9,24.18,4657850.0
2014-06-09,26.4,25.3,25.8,25.4,25.78,7260540.0
2014-06-10,25.3,24.3,24.9,24.4,24.77,4801900.0
2014-06-11,25.4,24.4,24.6,25.1,24.95,3481390.0
2014-06-12,25.4,24.9,25.1,25.2,25.18,3201240.0
2014-06-13,25.4,24.9,25.4,25.2,25.2,2097910.0
2014-06-16,25.7,25.2,25.4,25.3,25.4,2339630.0
2014-06-17,26.3,25.2,25.3,26.1,25.84,3977680.0
2014-06-18,26.2,25.6,26.1,25.6,25.86,2428270.0
2014-06-19,25.6,24.5,25.0,25.4,25.02,5285810.0
2014-06-20,26.0,25.3,25.7,25.3,25.61,2363870.0
2014-06-23,25.4,24.9,25.0,25.1,25.11,1640270.0
2014-06-24,25.6,25.0,25.0,25.6,25.29,2398270.0
2014-06-25,26.3,25.6,25.8,26.0,25.928,4487610.0
2014-06-26,26.3,25.9,26.0,25.9,26.13,2918600.0
2014-06-27,26.1,25.8,25.9,25.9,25.92,2270290.0
2014-06-30,26.2,25.9,25.9,25.9,25.98,2704110.0
2014-07-01,26.7,25.9,26.0,26.4,26.47,4277160.0
2014-07-02,26.8,26.4,26.5,26.7,26.6,2467430.0
2014-07-03,27.4,26.7,27.1,26.9,27.0,3285990.0
2014-07-04,27.1,26.6,27.0,26.8,26.85,4532460.0
2014-07-07,27.1,26.6,27.1,26.7,26.9,2512110.0
2014-07-08,26.8,26.4,26.7,26.8,26.63,2478710.0
2014-07-09,27.1,26.7,27.0,26.7,26.87,2058030.0
2014-07-10,26.7,26.0,26.7,26.0,26.32,5107210.0
2014-07-11,26.2,25.7,26.0,25.9,25.948,3134370.0
2014-07-14,26.2,25.7,26.0,26.2,25.99,1679680.0
2014-07-15,26.7,26.3,26.5,26.4,26.51,2572850.0
2014-07-16,27.0,26.3,27.0,26.3,26.68,2898420.0
2014-07-17,26.5,26.1,26.4,26.3,26.31,1422850.0
2014-07-18,26.8,26.2,26.2,26.8,26.5,3102600.0
2014-07-21,27.3,26.6,27.2,26.8,26.97,4099220.0
2014-07-22,26.8,26.4,26.8,26.5,26.62,2351760.0
2014-07-23,26.7,26.3,26.5,26.5,26.47,1681730.0
2014-07-24,26.6,26.4,26.6,26.5,26.49,1568860.0
2014-07-25,26.9,26.2,26.5,26.2,26.58,2709440.0
2014-07-28,26.0,25.2,26.0,25.5,25.62,3705580.0
2014-07-29,25.6,25.1,25.6,25.3,25.3,1686060.0
2014-07-30,25.5,25.0,25.3,25.1,25.21,2405300.0
2014-07-31,25.6,25.0,25.0,25.4,25.3,1224460.0
2014-08-01,25.3,25.0,25.3,25.1,25.11,1648540.0
2014-08-04,25.7,24.9,25.0,25.6,25.31,2035280.0
2014-08-05,26.2,25.6,25.6,26.2,25.91,2607020.0
2014-08-06,26.5,26.2,26.4,26.2,26.37,3231030.0
2014-08-07,26.5,26.0,26.1,26.5,26.29,2599100.0
2014-08-08,26.7,26.1,26.5,26.2,26.39,1962960.0
2014-08-11,26.3,26.0,26.2,26.0,26.11,1783140.0
2014-08-12,26.4,26.0,26.0,26.2,26.17,1790560.0
2014-08-13,26.7,26.2,26.3,26.6,26.44,2031610.0
2014-08-14,26.9,26.5,26.8,26.6,26.73,2593540.0
2014-08-15,26.7,26.4,26.6,26.4,26.5,1371270.0
2014-08-18,27.6,26.4,26.4,27.6,27.13,7017230.0
2014-08-19,28.1,27.4,27.8,27.4,27.74,4224020.0
2014-08-20,28.0,27.5,27.7,27.7,27.72,2979180.0
2014-08-21,28.4,27.7,27.7,28.0,27.99,6204670.0
2014-08-22,28.4,27.9,28.3,27.9,28.11,3071690.0
2014-08-25,28.5,28.0,28.1,28.2,28.23,4351670.0
2014-08-26,28.5,28.0,28.3,28.1,28.22,3990850.0
2014-08-27,28.5,27.9,28.1,28.2,28.18,3152840.0
2014-08-28,29.0,28.3,28.3,29.0,28.74,4939770.0
2014-08-29,29.3,28.7,29.1,29.0,28.98,2768250.0
2014-09-03,29.5,28.8,29.4,28.8,29.16,3524920.0
2014-09-04,29.0,28.5,28.7,28.7,28.75,3256220.0
2014-09-05,29.1,28.7,28.9,29.0,28.91,2327930.0
2014-09-08,29.7,29.3,29.4,29.4,29.48,3546470.0
2014-09-09,30.0,27.4,29.4,28.6,29.45,9774370.0
2014-09-10,28.8,28.1,28.7,28.8,28.54,4203460.0
2014-09-11,29.6,29.1,29.4,29.1,29.36,3915980.0
2014-09-12,29.3,28.9,29.0,29.2,29.09,3211420.0
2014-09-15,29.5,28.9,29.5,28.9,29.22,4041550.0
2014-09-16,29.0,28.4,28.8,28.9,28.75,3291780.0
2014-09-17,30.9,29.7,29.8,30.9,30.31,14441620.0
2014-09-18,30.9,29.6,30.8,29.6,30.3,6116250.0
2014-09-19,29.9,29.4,29.5,29.8,29.65,3872980.0
2014-09-22,30.0,29.1,29.9,29.1,29.58,4417320.0
2014-09-23,29.6,29.1,29.3,29.2,29.31,4183810.0
2014-09-24,28.7,28.1,28.6,28.3,28.48,5133470.0
2014-09-25,28.9,27.7,28.2,28.8,28.31,4587730.0
2014-09-26,29.7,28.9,29.2,29.2,29.26,6059690.0
2014-09-29,31.2,30.7,31.2,30.7,31.0,14398490.0
2014-09-30,31.4,30.3,30.4,30.9,30.86,5954040.0
2014-10-01,31.4,30.9,31.1,31.0,31.16,3989490.0
2014-10-02,31.7,30.8,31.0,31.5,31.24,6553350.0
2014-10-03,32.4,31.6,31.6,31.7,31.96,5683610.0
2014-10-06,32.2,31.7,32.0,31.8,31.93,3101000.0
2014-10-07,31.9,31.5,31.8,31.6,31.66,4490500.0
2014-10-08,31.9,31.3,31.5,31.4,31.48,7047680.0
2014-10-09,31.7,31.1,31.7,31.1,31.48,3423000.0
2014-10-10,31.0,30.5,30.9,30.5,30.72,5099600.0
2014-10-13,31.3,30.6,30.6,31.0,30.89,5541370.0
2014-10-14,31.3,30.2,31.2,30.2,30.78,3172940.0
2014-10-15,30.3,29.7,30.1,30.2,30.01,3317490.0
2014-10-16,30.0,28.6,30.0,28.6,29.26,7376690.0
2014-10-17,29.2,28.2,28.7,29.1,28.73,5430380.0
2014-10-20,29.4,28.6,29.2,28.6,29.03,2099680.0
2014-10-21,29.1,28.5,28.6,28.9,28.84,3382850.0
2014-10-22,30.0,29.0,29.0,30.0,29.55,5737820.0
2014-10-23,30.4,29.5,29.6,29.7,29.92,5537890.0
2014-10-24,30.0,29.3,29.8,29.6,29.6,3214970.0
2014-10-27,29.7,28.7,29.3,28.7,29.15,3958990.0
2014-10-28,29.6,29.0,29.1,29.6,29.38,6928870.0
2014-10-29,31.4,29.9,30.1,30.8,30.6,8554190.0
2014-10-30,31.0,30.5,30.8,30.5,30.69,3722880.0
2014-10-31,31.3,30.3,30.5,31.1,30.82,7064650.0
2014-11-03,31.5,30.9,31.4,31.0,31.18,4003760.0
2014-11-04,31.2,30.8,30.9,30.8,30.99,5652870.0
2014-11-05,31.0,30.0,30.8,30.6,30.99,6963600.0
2014-11-06,30.8,30.3,30.8,30.4,30.56,2775400.0
2014-11-07,30.9,30.4,30.5,30.8,30.65,3739490.0
2014-11-10,31.1,30.8,31.0,30.9,30.97,4127860.0
2014-11-11,31.1,30.7,30.9,30.7,30.83,4141320.0
2014-11-12,30.9,30.6,30.6,30.7,30.75,2370020.0
2014-11-13,31.2,30.7,31.0,30.8,30.91,3818810.0
2014-11-14,30.8,30.3,30.7,30.6,30.51,5018230.0
2014-11-17,30.9,30.5,30.5,30.7,30.69,2784390.0
2014-11-18,30.8,30.3,30.6,30.3,30.49,2736010.0
2014-11-19,30.5,29.9,30.4,30.1,30.13,5296820.0
2014-11-20,30.4,30.0,30.2,30.4,30.22,2592850.0
2014-11-21,30.5,29.8,30.5,29.8,30.07,4554600.0
2014-11-24,29.8,29.2,29.5,29.4,29.45,3835840.0
2014-11-25,29.9,29.4,29.5,29.6,29.59,2165400.0
2014-11-26,30.5,29.6,29.8,29.8,30.09,9059490.0
2014-11-27,30.3,29.5,29.7,30.3,29.97,3036110.0
2014-11-28,30.5,30.1,30.3,30.2,30.31,2300340.0
2014-12-01,30.4,30.0,30.2,30.0,30.2,1998060.0
2014-12-02,30.6,30.1,30.2,30.3,30.35,4416020.0
2014-12-03,30.8,30.5,30.5,30.8,30.67,3002960.0
2014-12-04,31.0,30.5,30.8,30.5,30.73,1881760.0
2014-12-05,30.7,30.4,30.5,30.6,30.56,2078440.0
2014-12-08,30.8,30.1,30.8,30.1,30.38,2450720.0
2014-12-09,30.0,28.6,29.9,29.0,29.45,5988640.0
2014-12-10,29.8,28.9,29.1,29.8,29.36,4051800.0
2014-12-11,29.7,29.3,29.5,29.3,29.49,1612060.0
2014-12-12,29.7,29.3,29.3,29.6,29.51,1615700.0
2014-12-15,30.0,29.7,29.7,29.8,29.82,2431570.0
2014-12-16,29.8,29.0,29.6,29.2,29.36,3576680.0
2014-12-17,29.5,27.2,29.2,27.9,27.73,9076910.0
2014-12-18,28.6,27.9,28.1,28.5,28.29,2914140.0
2014-12-19,29.4,27.1,28.6,27.1,27.61,20898000.0
2014-12-22,27.9,27.5,27.8,27.6,27.65,3503200.0
2014-12-23,27.7,27.0,27.5,27.0,27.23,3057610.0
2014-12-24,27.4,26.9,27.3,26.9,27.11,1678700.0
2014-12-25,27.2,26.4,27.0,26.4,26.72,2427200.0
2014-12-26,26.4,25.6,26.4,25.8,25.88,4141460.0
2014-12-29,26.4,25.2,25.8,25.3,25.72,2631000.0
2014-12-30,26.7,24.8,25.3,26.7,25.62,3256150.0
2014-12-31,27.7,26.6,26.8,27.5,27.25,4091880.0
2015-01-05,27.6,27.1,27.4,27.1,27.3,1636640.0
2015-01-06,27.2,26.4,26.6,27.1,26.89,2031640.0
2015-01-07,27.4,26.9,27.2,27.0,27.17,1659050.0
2015-01-08,27.2,26.9,27.1,27.0,27.03,1365600.0
2015-01-09,27.4,27.0,27.0,27.3,27.23,2251920.0
2015-01-12,27.5,26.9,27.3,27.0,27.24,1812820.0
2015-01-13,27.2,26.8,26.8,27.0,27.01,1183110.0
2015-01-14,27.6,26.5,27.0,27.3,27.1,2599080.0
2015-01-15,27.6,27.3,27.4,27.5,27.43,2098530.0
2015-01-16,28.0,27.4,27.8,27.5,27.72,2549490.0
2015-01-19,27.5,27.1,27.5,27.1,27.25,1140290.0
2015-01-20,27.2,26.9,27.0,26.9,27.02,1017940.0
2015-01-21,27.3,26.8,27.1,26.9,27.05,1645360.0
2015-01-22,27.3,26.7,27.1,27.1,27.03,1321470.0
2015-01-23,27.8,27.1,27.3,27.5,27.44,2700260.0
2015-01-26,27.7,27.3,27.5,27.3,27.48,1413710.0
2015-01-27,27.4,26.8,27.2,26.9,27.04,2347460.0
2015-01-28,27.0,26.6,26.9,26.8,26.83,1363000.0
2015-01-29,26.9,26.6,26.8,26.9,26.73,1238270.0
2015-01-30,26.9,26.2,26.9,26.3,26.54,2606200.0
2015-02-02,26.5,25.8,26.2,25.8,26.06,2074990.0
2015-02-03,26.0,25.5,25.8,25.5,25.78,1267900.0
2015-02-04,25.8,25.3,25.8,25.4,25.44,1658490.0
2015-02-05,25.7,25.4,25.5,25.5,25.55,797240.0
2015-02-06,25.9,25.4,25.4,25.9,25.76,588670.0
2015-02-09,26.0,25.6,26.0,25.6,25.69,592540.0
2015-02-10,25.9,25.5,25.7,25.7,25.71,1186050.0
2015-02-11,26.7,25.7,25.7,26.6,26.23,1938290.0
2015-02-12,27.0,26.6,26.8,27.0,26.83,1766860.0
2015-02-13,27.2,26.8,27.0,27.1,27.03,1589890.0
2015-02-24,27.7,27.0,27.1,27.5,27.45,1939300.0
2015-02-25,27.7,27.1,27.7,27.1,27.41,2134530.0
2015-02-26,27.4,27.1,27.1,27.2,27.21,1092220.0
2015-02-27,27.5,27.1,27.3,27.3,27.25,1084500.0
2015-03-02,27.4,27.2,27.3,27.3,27.28,719070.0
2015-03-03,27.5,27.2,27.3,27.4,27.33,1507630.0
2015-03-04,27.7,27.5,27.6,27.7,27.6,2432850.0
2015-03-05,27.8,27.3,27.8,27.3,27.48,2324850.0
2015-03-06,23.6,23.2,23.3,23.2,23.37,3302290.0
2015-03-09,23.3,22.6,23.3,22.7,22.91,1103230.0
2015-03-10,22.8,22.5,22.7,22.7,22.64,1104790.0
2015-03-11,22.7,22.4,22.7,22.4,22.46,1280070.0
2015-03-12,22.5,22.1,22.4,22.4,22.28,1332560.0
2015-03-13,22.6,22.3,22.5,22.3,22.43,854900.0
2015-03-16,22.4,22.0,22.3,22.0,22.18,1281810.0
2015-03-17,22.3,22.0,22.0,22.2,22.14,927590.0
2015-03-18,22.2,21.9,22.2,21.9,22.03,751720.0
2015-03-19,22.1,21.4,21.9,21.6,21.68,1852320.0
2015-03-20,22.2,21.5,21.6,22.2,22.0,2994620.0
2015-03-23,22.2,21.6,22.2,21.6,21.79,1294430.0
2015-03-24,21.5,21.1,21.5,21.3,21.28,2563650.0
2015-03-25,21.5,21.0,21.4,21.0,21.14,1506060.0
2015-03-26,21.1,20.6,20.8,20.7,20.82,2051060.0
2015-03-27,21.1,20.4,20.8,20.4,20.66,1652550.0
2015-03-30,20.6,20.0,20.4,20.0,20.28,1491950.0
2015-03-31,20.6,20.0,20.0,20.2,20.31,1602490.0
2015-04-01,20.4,19.7,20.3,19.7,19.87,2135020.0
2015-04-02,20.2,19.5,19.7,20.1,19.87,1390940.0
2015-04-03,20.3,20.0,20.1,20.2,20.13,638630.0
2015-04-06,20.2,19.8,20.2,20.0,19.99,1044560.0
2015-04-07,20.3,19.8,20.0,20.3,20.12,1160350.0
2015-04-08,20.5,20.1,20.4,20.1,20.19,584240.0
2015-04-09,20.4,20.0,20.1,20.2,20.27,1035780.0
2015-04-10,20.9,20.3,20.4,20.6,20.6,2074760.0
2015-04-13,20.9,20.6,20.7,20.6,20.72,848690.0
2015-04-14,20.7,20.3,20.6,20.3,20.45,1041760.0
2015-04-15,20.6,20.2,20.3,20.5,20.38,1108240.0
2015-04-16,21.3,20.5,20.7,21.2,20.91,2938780.0
2015-04-17,21.6,21.3,21.3,21.4,21.43,3173900.0
2015-04-20,21.4,20.9,21.3,21.0,21.09,894060.0
2015-04-21,21.2,20.8,20.9,20.8,20.98,1029550.0
2015-04-22,20.9,20.7,20.8,20.7,20.76,1114650.0
2015-04-23,20.9,20.6,20.7,20.9,20.75,849490.0
2015-04-24,21.0,20.8,21.0,20.8,20.88,616970.0
2015-04-27,20.9,20.6,20.8,20.6,20.72,640770.0
2015-05-04,20.6,19.9,20.6,20.0,20.09,3024460.0
2015-05-05,20.5,19.7,19.9,20.5,20.06,2573550.0
2015-05-06,20.5,20.0,20.3,20.2,20.19,1054520.0
2015-05-07,20.3,20.0,20.2,20.1,20.15,744030.0
2015-05-08,20.4,20.1,20.1,20.3,20.22,1046720.0
2015-05-11,20.4,20.0,20.3,20.1,20.18,656940.0
2015-05-12,20.2,19.9,20.0,20.0,19.99,1337380.0
2015-05-13,20.1,19.7,20.0,20.0,19.85,1152930.0
2015-05-14,20.0,19.8,20.0,20.0,19.95,500290.0
2015-05-15,20.1,19.5,20.0,19.5,19.78,783840.0
2015-05-18,19.7,19.1,19.6,19.1,19.33,1841100.0
2015-05-19,19.4,19.1,19.1,19.2,19.2,914060.0
2015-05-20,20.5,19.3,19.4,20.5,20.2,3728590.0
2015-05-21,21.4,20.7,20.8,21.2,21.08,4565730.0
2015-05-22,21.5,21.0,21.0,21.4,21.26,2959210.0
2015-05-25,21.8,21.2,21.4,21.8,21.53,4384960.0
2015-05-26,21.9,21.4,21.6,21.5,21.62,2494210.0
2015-05-27,21.8,21.3,21.4,21.5,21.57,1591400.0
2015-05-28,22.3,21.4,21.4,21.8,21.84,3565700.0
2015-05-29,21.8,21.4,21.8,21.4,21.54,2322680.0
2015-06-01,21.7,21.2,21.3,21.6,21.51,2735430.0
2015-06-02,22.4,21.5,21.6,21.9,22.06,8981710.0
2015-06-03,22.8,21.8,21.9,22.7,22.44,7566920.0
2015-06-04,23.0,22.5,22.9,22.6,22.71,3436440.0
2015-06-05,23.5,22.2,22.5,23.2,22.78,6219780.0
2015-06-08,23.7,23.1,23.5,23.1,23.39,5324600.0
2015-06-09,23.4,23.0,23.0,23.2,23.19,5742030.0
2015-06-10,23.4,23.0,23.1,23.2,23.16,4023390.0
2015-06-11,23.8,23.4,23.4,23.7,23.6,3983550.0
2015-06-12,24.5,23.9,24.2,24.4,24.24,7484860.0
2015-06-15,24.8,24.1,24.4,24.1,24.41,2816810.0
2015-06-16,24.3,23.5,24.2,23.5,23.86,4483980.0
2015-06-17,23.7,23.1,23.4,23.3,23.35,3111540.0
2015-06-18,24.0,23.5,23.5,23.8,23.79,4331580.0
2015-06-19,24.2,23.5,24.2,23.5,23.7,3985120.0
2015-06-22,23.9,23.5,23.5,23.9,23.76,2370530.0
2015-06-23,24.1,23.6,24.0,23.6,23.87,2644730.0
2015-06-24,24.0,23.6,23.8,23.7,23.79,2893620.0
2015-06-25,23.9,23.5,23.8,23.8,23.74,2308410.0
2015-06-26,25.3,23.8,23.8,24.4,24.56,12224340.0
2015-06-29,25.0,24.4,24.5,24.8,24.8,5034930.0
2015-06-30,24.8,24.3,24.6,24.3,24.59,3801000.0
2015-07-01,24.9,24.3,24.6,24.8,24.68,5941920.0
2015-07-02,25.4,24.7,24.8,25.1,25.11,5336280.0
2015-07-03,26.0,25.1,25.3,26.0,25.6,8759730.0
2015-07-06,26.8,26.2,26.4,26.5,26.48,6331650.0
2015-07-07,26.7,26.1,26.3,26.4,26.42,6604090.0
2015-07-08,26.4,25.6,26.3,25.7,25.92,9310360.0
2015-07-09,26.3,25.3,25.4,26.2,25.79,6090670.0
2015-07-10,26.7,25.9,26.4,26.0,26.29,5343570.0
2015-07-13,26.4,25.8,26.1,26.2,26.2,3618900.0
2015-07-14,27.1,25.8,26.4,26.8,26.5,9020930.0
2015-07-15,27.0,26.2,27.0,26.2,26.62,5735690.0
2015-07-16,26.4,25.9,26.0,26.3,26.13,3300810.0
2015-07-17,26.4,26.0,26.4,26.0,26.15,2806740.0
2015-07-20,26.3,25.4,25.8,26.2,25.81,4501720.0
2015-07-21,26.4,25.9,26.3,26.1,26.17,5371990.0
2015-07-22,26.9,25.9,26.0,26.9,26.41,6237620.0
2015-07-23,27.5,27.0,27.1,27.2,27.18,8809840.0
2015-07-24,27.5,27.0,27.2,27.2,27.25,5106180.0
2015-07-27,28.7,27.1,27.2,28.3,27.95,8158790.0
2015-07-28,28.3,27.9,28.2,28.0,28.03,7175100.0
2015-07-29,28.1,27.4,27.9,27.5,27.7,6233850.0
2015-07-30,27.6,27.3,27.5,27.4,27.42,3148030.0
2015-07-31,27.8,27.2,27.7,27.2,27.5,2687360.0
2015-08-03,26.9,26.0,26.9,26.2,26.43,6168910.0
2015-08-04,26.8,26.1,26.4,26.5,26.45,3638920.0
2015-08-05,27.0,26.6,26.7,27.0,26.85,2095630.0
2015-08-06,27.1,26.8,27.0,26.8,26.92,3692140.0
2015-08-07,27.1,26.5,26.8,26.8,26.83,3044650.0
2015-08-10,27.6,27.0,27.0,27.6,27.39,3866350.0
2015-08-11,28.2,27.4,27.8,27.4,27.85,7630670.0
2015-08-12,27.4,26.5,27.3,26.9,26.99,5911300.0
2015-08-13,27.0,26.3,26.6,26.8,26.63,3637580.0
2015-08-14,25.3,24.6,24.9,24.9,24.93,4754100.0
2015-08-17,25.0,23.9,24.9,24.2,24.51,2758110.0
2015-08-18,24.6,24.1,24.2,24.4,24.42,2214710.0
2015-08-19,25.4,24.1,24.3,25.2,24.82,5058150.0
2015-08-20,25.6,24.8,25.0,24.9,25.27,4810340.0
2015-08-21,24.9,23.4,24.5,24.9,24.22,7426850.0
2015-08-24,24.4,23.2,24.4,23.2,23.6,8256110.0
2015-08-25,23.7,22.5,22.6,23.2,23.17,4877410.0
2015-08-26,24.0,23.1,23.1,23.9,23.67,5240620.0
2015-08-27,24.3,24.0,24.2,24.1,24.15,3211060.0
2015-08-28,25.7,24.1,24.1,25.7,25.28,12482920.0
2015-08-31,26.4,25.7,26.0,25.9,26.03,5885810.0
2015-09-01,26.1,25.5,26.0,25.8,25.77,3526340.0
2015-09-03,25.8,24.6,25.5,24.6,25.05,5406640.0
2015-09-04,24.9,24.5,24.6,24.5,24.64,2550350.0
2015-09-07,25.0,24.5,24.6,24.7,24.72,2549010.0
2015-09-08,25.3,24.5,24.6,25.2,24.95,3423590.0
2015-09-09,25.5,25.0,25.5,25.0,25.24,2881230.0
2015-09-10,25.8,24.8,24.8,25.4,25.25,4008890.0
2015-09-11,25.6,24.9,25.4,24.9,25.18,2137100.0
2015-09-14,24.9,24.2,24.8,24.3,24.53,4280000.0
2015-09-15,24.7,24.2,24.2,24.7,24.46,2919390.0
2015-09-16,24.9,24.5,24.6,24.5,24.68,1843350.0
2015-09-17,24.7,24.5,24.7,24.6,24.58,1269840.0
2015-09-18,25.1,24.8,24.9,24.9,24.93,3621790.0
2015-09-21,25.0,24.7,24.9,24.9,24.86,1827020.0
2015-09-22,25.1,24.7,24.9,24.7,24.86,1642550.0
2015-09-23,24.8,24.4,24.6,24.6,24.59,2132540.0
2015-09-24,24.8,24.5,24.6,24.5,24.58,1352300.0
2015-09-25,24.6,24.2,24.6,24.4,24.35,1674610.0
2015-09-28,24.5,23.8,24.4,23.8,24.09,2833710.0
2015-09-29,23.7,23.1,23.5,23.5,23.41,4404540.0
2015-09-30,24.0,23.5,23.6,23.5,23.77,2358520.0
2015-10-01,23.8,23.5,23.6,23.5,23.57,1666780.0
2015-10-02,23.6,23.2,23.5,23.2,23.38,1698650.0
2015-10-05,23.7,23.2,23.2,23.4,23.48,2387810.0
2015-10-06,25.0,23.8,24.0,24.9,24.33,8798970.0
2015-10-07,25.0,24.5,24.9,24.6,24.7,4415270.0
2015-10-08,24.8,24.5,24.6,24.7,24.69,2505960.0
2015-10-09,24.8,24.3,24.7,24.3,24.54,3470560.0
2015-10-12,24.8,24.2,24.2,24.6,24.6,4565850.0
2015-10-13,24.7,24.4,24.4,24.4,24.53,2728310.0
2015-10-14,24.6,24.3,24.4,24.4,24.43,1632520.0
2015-10-15,24.5,24.2,24.5,24.3,24.36,1762210.0
2015-10-16,24.6,24.3,24.5,24.3,24.39,2420410.0
2015-10-19,24.5,24.2,24.3,24.2,24.29,1399960.0
2015-10-20,24.2,23.7,24.2,23.8,23.96,2186600.0
2015-10-21,24.1,23.6,23.9,23.7,23.86,2217170.0
2015-10-22,23.9,23.6,23.6,23.9,23.8,1979000.0
2015-10-23,24.3,24.0,24.1,24.0,24.08,2147870.0
2015-10-26,24.2,23.7,24.1,23.7,23.9,2016350.0
2015-10-27,23.8,23.6,23.7,23.6,23.67,1534570.0
2015-10-28,23.8,23.4,23.6,23.4,23.56,1611340.0
2015-10-29,24.0,23.5,23.5,23.8,23.7,3228070.0
2015-10-30,24.0,23.7,23.9,24.0,23.88,1981470.0
2015-11-02,24.0,23.7,23.9,23.7,23.82,1328850.0
2015-11-03,23.9,23.5,23.7,23.8,23.72,1097600.0
2015-11-04,24.3,23.9,24.0,24.0,24.07,3023450.0
2015-11-05,24.2,23.9,23.9,24.2,24.09,1790900.0
2015-11-06,24.2,23.8,24.2,23.8,23.99,1813960.0
2015-11-09,23.8,23.6,23.8,23.6,23.65,1172590.0
2015-11-10,23.7,23.3,23.6,23.3,23.45,1252240.0
2015-11-11,23.6,23.2,23.2,23.2,23.29,1412300.0
2015-11-12,23.3,22.8,23.2,23.3,23.07,2440250.0
2015-11-13,23.6,23.2,23.4,23.4,23.42,1839910.0
2015-11-16,23.6,23.2,23.3,23.2,23.36,1369320.0
2015-11-17,23.5,23.1,23.2,23.2,23.26,1931720.0
2015-11-18,23.4,23.2,23.2,23.3,23.3,964970.0
2015-11-19,23.4,23.1,23.2,23.2,23.23,900300.0
2015-11-20,23.5,23.1,23.2,23.3,23.26,2102380.0
2015-11-23,24.0,23.4,23.5,23.7,23.79,2500700.0
2015-11-24,23.8,23.3,23.8,23.5,23.56,1298170.0
2015-11-25,23.7,23.2,23.4,23.6,23.43,1408320.0
2015-11-26,23.7,23.3,23.5,23.3,23.47,1184480.0
2015-11-27,23.5,23.0,23.4,23.0,23.2,1945650.0
2015-11-30,23.0,22.6,22.9,22.7,22.8,1729310.0
2015-12-01,23.1,22.7,22.9,22.8,22.88,1031070.0
2015-12-02,23.2,22.8,22.8,22.9,23.05,1180980.0
2015-12-03,23.7,22.8,22.8,23.1,23.35,3154180.0
2015-12-04,23.4,23.1,23.1,23.4,23.24,1516430.0
2015-12-07,23.2,22.9,23.2,23.0,23.03,1855410.0
2015-12-08,23.3,22.7,22.9,23.1,22.92,2111780.0
2015-12-09,23.2,22.6,23.1,22.6,22.82,1465550.0
2015-12-10,22.8,22.6,22.7,22.6,22.64,1558860.0
2015-12-11,22.8,22.4,22.5,22.4,22.6,1448270.0
2015-12-14,23.2,22.7,23.0,22.9,22.92,3494550.0
2015-12-15,23.3,22.9,23.0,23.1,23.07,2678080.0
2015-12-16,23.3,22.9,23.2,22.9,23.07,773930.0
2015-12-17,23.1,22.8,23.1,22.8,22.94,627550.0
2015-12-18,23.1,22.7,22.8,23.1,23.08,18905770.0
2015-12-21,23.0,22.5,23.0,22.6,22.73,2024770.0
2015-12-22,22.8,22.5,22.6,22.5,22.58,1126230.0
2015-12-23,22.7,22.3,22.5,22.4,22.45,566140.0
2015-12-24,22.5,22.2,22.5,22.2,22.27,889900.0
2015-12-25,22.4,22.0,22.2,22.2,22.2,1014020.0
2015-12-28,22.4,22.0,22.2,22.0,22.07,1052150.0
2015-12-29,22.4,21.8,22.1,22.3,22.06,802650.0
2015-12-30,22.6,22.3,22.3,22.4,22.45,1063370.0
2015-12-31,22.5,22.1,22.5,22.2,22.45,803870.0
2016-01-04,22.3,21.7,22.2,21.7,21.95,792410.0
2016-01-05,21.7,20.9,21.3,20.9,21.22,2280930.0
2016-01-06,21.3,20.7,21.2,20.9,21.0,1278950.0
2016-01-07,20.9,20.1,20.9,20.3,20.44,2847940.0
2016-01-08,20.2,19.7,20.2,19.8,19.94,2369240.0
2016-01-11,20.3,19.8,20.0,19.9,19.97,2644860.0
2016-01-12,20.7,20.0,20.0,20.7,20.25,2131760.0
2016-01-13,21.2,20.4,20.9,20.7,20.9,1721020.0
2016-01-14,20.5,19.8,20.4,20.2,20.07,3155970.0
2016-01-15,20.3,19.8,20.2,19.8,19.96,2085960.0
2016-01-18,19.5,18.6,19.1,19.1,18.99,4832670.0
2016-01-19,19.5,19.1,19.1,19.3,19.29,2315540.0
2016-01-20,19.5,19.1,19.4,19.2,19.26,1239520.0
2016-01-21,19.4,18.9,19.2,19.0,19.15,2249060.0
2016-01-22,19.6,19.0,19.4,19.6,19.35,2494970.0
2016-01-25,20.9,19.9,20.0,20.9,20.63,4101660.0
2016-01-26,20.7,20.1,20.3,20.3,20.39,1832860.0
2016-01-27,20.8,20.5,20.5,20.5,20.64,1387190.0
2016-01-28,20.7,20.3,20.5,20.3,20.41,1534940.0
2016-01-29,20.6,20.2,20.3,20.5,20.4,1215980.0
2016-02-01,20.7,20.3,20.6,20.3,20.43,1562130.0
2016-02-02,20.4,20.1,20.1,20.3,20.27,1218740.0
2016-02-03,20.5,20.0,20.1,20.4,20.25,1113320.0
2016-02-04,20.7,20.4,20.4,20.6,20.53,1418510.0
2016-02-05,21.3,20.5,20.6,21.0,20.98,3966490.0
2016-02-15,21.0,20.6,20.7,20.8,20.76,2791950.0
2016-02-16,21.0,20.8,20.8,20.9,20.92,1705150.0
2016-02-17,21.4,20.9,20.9,21.0,21.14,3541920.0
2016-02-18,21.2,20.9,20.9,21.2,21.05,1917220.0
2016-02-19,21.4,21.1,21.2,21.2,21.23,1886420.0
2016-02-22,22.3,21.1,21.3,22.3,21.23,5858100.0
2016-02-23,23.0,22.3,22.7,22.4,22.64,4567270.0
2016-02-24,23.0,22.2,22.2,22.8,22.71,3131860.0
2016-02-25,22.9,22.3,22.8,22.4,22.53,4508900.0
2016-02-26,22.7,22.3,22.5,22.5,22.53,1938460.0
2016-02-29,22.8,22.5,22.5,22.5,22.67,1766130.0
2016-03-01,22.9,22.5,22.5,22.7,22.71,2165530.0
2016-03-02,23.3,22.8,22.8,23.2,23.08,4934030.0
2016-03-03,23.4,22.9,23.3,23.1,23.11,3256240.0
2016-03-04,23.1,22.8,23.0,22.8,22.96,2761180.0
2016-03-07,23.0,22.7,22.8,22.7,22.8,2239800.0
2016-03-08,22.8,22.4,22.7,22.4,22.53,2719170.0
2016-03-09,22.6,22.3,22.4,22.5,22.47,1487850.0
2016-03-10,23.0,22.5,22.5,22.9,22.76,2111220.0
2016-03-11,23.0,22.7,22.9,22.8,22.86,2197080.0
2016-03-14,22.9,22.6,22.9,22.7,22.7,2321160.0
2016-03-15,22.8,22.4,22.7,22.5,22.56,1960410.0
2016-03-16,22.6,22.3,22.5,22.3,22.38,1566050.0
2016-03-17,22.6,22.2,22.5,22.2,22.4,1671800.0
2016-03-18,22.4,22.0,22.3,22.0,22.13,6334410.0
2016-03-21,22.4,22.0,22.2,22.0,22.18,1879070.0
2016-03-22,22.1,21.6,22.0,21.6,21.79,1893670.0
2016-03-23,21.8,21.5,21.6,21.7,21.63,1966260.0
2016-03-24,22.3,21.6,21.7,21.8,21.97,2916260.0
2016-03-25,22.0,21.4,21.8,21.6,21.64,1686730.0
2016-03-28,21.7,21.5,21.7,21.6,21.59,934420.0
2016-03-29,21.6,20.9,21.6,21.1,21.24,4117880.0
2016-03-30,21.5,21.0,21.0,21.3,21.2,2057640.0
2016-03-31,21.5,21.0,21.3,21.1,21.27,2005320.0
2016-04-01,21.3,20.9,21.1,21.2,21.05,1877190.0
2016-04-04,21.4,21.0,21.2,21.3,21.288,1364350.0
2016-04-05,21.7,21.3,21.3,21.7,21.57,1810570.0
2016-04-06,21.9,21.7,21.7,21.8,21.78,1448590.0
2016-04-07,22.1,21.8,21.9,21.9,21.92,1745780.0
2016-04-08,22.0,21.7,21.8,21.7,21.81,2195720.0
2016-04-11,22.1,21.7,21.7,21.9,21.95,2214310.0
2016-04-12,22.0,21.8,21.9,21.8,21.87,1695110.0
2016-04-13,21.9,21.6,21.8,21.7,21.78,1777940.0
2016-04-14,21.9,21.6,21.7,21.7,21.77,1749110.0
2016-04-15,22.0,21.6,21.8,21.6,21.75,1525590.0
2016-04-19,21.7,21.1,21.6,21.3,21.46,2583780.0
2016-04-20,21.5,20.9,21.5,21.2,21.26,2188050.0
2016-04-21,21.5,21.1,21.5,21.2,21.24,1740550.0
2016-04-22,21.5,21.2,21.2,21.5,21.38,1503600.0
2016-04-25,22.2,21.7,21.7,22.1,21.93,4292840.0
2016-04-26,22.4,21.9,22.0,22.4,22.23,3508360.0
2016-04-27,22.4,21.9,22.4,21.9,22.08,1448130.0
2016-04-28,21.9,21.5,21.9,21.7,21.71,1138920.0
2016-04-29,21.7,21.4,21.7,21.4,21.52,1978300.0
2016-05-04,21.6,21.2,21.5,21.4,21.39,1398160.0
2016-05-05,21.6,21.3,21.4,21.4,21.44,1019120.0
2016-05-06,21.7,21.3,21.3,21.4,21.49,999080.0
2016-05-09,21.7,21.2,21.5,21.2,21.36,1094180.0
2016-05-10,21.1,20.8,21.0,20.8,20.92,1923510.0
2016-05-11,20.7,20.1,20.7,20.4,20.4,3356460.0
2016-05-12,20.6,20.2,20.4,20.4,20.39,1717150.0
2016-05-13,20.4,20.0,20.3,20.2,20.18,1717600.0
2016-05-16,20.7,20.0,20.2,20.6,20.35,2069630.0
2016-05-17,20.9,20.6,20.9,20.8,20.77,1380160.0
2016-05-18,20.9,20.5,20.8,20.7,20.69,988300.0
2016-05-19,20.7,20.5,20.6,20.6,20.6,632580.0
2016-05-20,20.7,20.4,20.5,20.7,20.54,772070.0
2016-05-23,20.8,20.5,20.7,20.8,20.62,541500.0
2016-05-24,20.8,20.5,20.6,20.7,20.61,577860.0
2016-05-25,21.0,20.6,20.6,20.6,20.83,1697240.0
2016-05-26,20.8,20.4,20.7,20.5,20.59,786180.0
2016-05-27,20.9,20.3,20.3,20.8,20.73,1666850.0
2016-05-30,21.6,20.8,20.9,21.6,21.34,3324320.0
2016-05-31,21.7,21.4,21.7,21.5,21.52,1434990.0
2016-06-01,22.0,21.3,21.4,21.3,21.61,1728430.0
2016-06-02,21.4,21.1,21.3,21.4,21.27,1334860.0
2016-06-03,21.7,21.3,21.5,21.3,21.46,1096410.0
2016-06-06,21.4,21.0,21.2,21.1,21.16,974990.0
2016-06-07,21.4,21.1,21.1,21.2,21.23,677330.0
2016-06-08,21.6,21.3,21.3,21.5,21.42,1455280.0
2016-06-09,22.2,21.4,21.5,21.8,21.87,3854420.0
2016-06-10,22.3,21.8,21.9,22.0,22.05,2808780.0
2016-06-13,21.9,21.5,21.7,21.6,21.68,1180020.0
2016-06-14,21.6,21.3,21.4,21.5,21.43,901450.0
2016-06-15,21.4,21.1,21.3,21.2,21.22,1385030.0
2016-06-16,21.5,21.1,21.2,21.2,21.26,1109590.0
2016-06-17,21.1,20.5,21.0,20.5,20.67,5363960.0
2016-06-20,21.0,20.7,21.0,20.9,20.85,1028350.0
2016-06-21,21.2,20.8,21.0,20.9,20.99,1059890.0
2016-06-22,21.0,20.7,20.9,20.8,20.85,1222010.0
2016-06-23,21.0,20.7,20.7,20.8,20.86,1274080.0
2016-06-24,21.0,19.4,21.0,20.3,20.16,2650420.0
2016-06-27,20.4,19.8,20.1,20.2,20.15,831540.0
2016-06-28,20.4,20.1,20.1,20.3,20.26,646550.0
2016-06-29,20.9,20.4,20.4,20.9,20.76,1542610.0
2016-06-30,21.1,20.5,20.9,20.8,20.79,1621390.0
2016-07-01,20.9,20.6,20.8,20.6,20.78,1189520.0
2016-07-04,22.0,20.9,20.9,22.0,21.51,4427420.0
2016-07-05,22.9,22.3,22.5,22.4,22.55,6599490.0
2016-07-06,22.6,22.1,22.2,22.4,22.39,2502190.0
2016-07-07,22.7,22.3,22.6,22.5,22.46,2820020.0
2016-07-08,23.0,22.4,22.5,22.7,22.73,4640490.0
2016-07-11,23.7,22.8,23.0,23.0,23.42,6262570.0
2016-07-12,23.6,23.0,23.4,23.4,23.38,3720810.0
2016-07-13,24.3,23.6,23.7,24.1,24.02,6090470.0
2016-07-14,24.2,23.6,24.2,23.6,23.94,4051720.0
2016-07-15,23.7,23.2,23.5,23.5,23.46,3453740.0
2016-07-18,23.8,23.4,23.4,23.7,23.61,2342070.0
2016-07-19,24.7,23.5,23.9,24.1,24.14,6465910.0
2016-07-20,24.3,23.6,24.2,23.7,23.87,2358760.0
2016-07-21,23.7,23.0,23.7,23.0,23.24,3986980.0
2016-07-22,22.8,22.2,22.5,22.5,22.46,4069580.0
2016-07-25,22.9,22.3,22.8,22.3,22.61,1256760.0
2016-07-26,22.5,22.0,22.1,22.4,22.23,1418240.0
2016-07-27,22.9,22.3,22.3,22.7,22.68,1834480.0
2016-07-28,23.6,22.7,22.7,23.2,23.05,2509940.0
2016-07-29,23.5,22.9,23.1,22.9,23.21,1295130.0
2016-08-01,23.0,22.5,23.0,22.8,22.79,791160.0
2016-08-02,22.5,21.9,22.5,22.1,22.24,3504930.0
2016-08-03,22.3,21.9,21.9,22.2,22.16,1425500.0
2016-08-04,22.5,21.7,22.3,22.0,22.14,1776550.0
2016-08-05,21.8,21.2,21.7,21.5,21.53,2224200.0
2016-08-08,21.7,21.3,21.7,21.4,21.46,976490.0
2016-08-09,21.6,21.2,21.3,21.4,21.47,840160.0
2016-08-10,22.0,21.4,21.4,21.7,21.78,1524630.0
2016-08-11,22.1,21.8,21.8,22.0,21.97,2124090.0
2016-08-12,22.2,21.8,22.0,21.8,21.95,1016160.0
2016-08-15,22.0,21.7,21.8,21.9,21.85,808330.0
2016-08-16,22.6,22.0,22.0,22.4,22.42,2608310.0
2016-08-17,22.5,22.1,22.4,22.4,22.29,1286840.0
2016-08-18,22.5,22.1,22.3,22.1,22.23,1293350.0
2016-08-19,22.2,21.7,22.2,21.7,21.89,1554910.0
2016-08-22,21.8,21.4,21.6,21.4,21.55,2166960.0
2016-08-23,21.7,21.5,21.6,21.6,21.59,681420.0
2016-08-24,21.8,21.5,21.5,21.5,21.66,569770.0
2016-08-25,21.5,21.3,21.5,21.4,21.45,862420.0
2016-08-26,22.0,21.5,21.5,21.7,21.74,1410980.0
2016-08-29,21.9,21.4,21.8,21.4,21.68,1086380.0
2016-08-30,21.5,21.1,21.4,21.1,21.3,1671650.0
2016-08-31,21.5,21.1,21.2,21.4,21.39,1793190.0
2016-09-01,21.6,21.3,21.5,21.4,21.4,940150.0
2016-09-05,21.5,21.1,21.4,21.1,21.2,1036600.0
2016-09-06,21.3,21.1,21.1,21.1,21.17,1094990.0
2016-09-07,21.3,21.1,21.2,21.3,21.2,770830.0
2016-09-08,21.5,21.2,21.2,21.3,21.32,729210.0
2016-09-09,21.8,21.3,21.4,21.6,21.57,1987290.0
2016-09-12,21.7,21.25,21.6,21.3,21.33,1366170.0
2016-09-13,21.45,21.05,21.2,21.1,21.2,1315090.0
2016-09-14,21.1,21.0,21.0,21.0,21.05,1518240.0
2016-09-15,21.05,20.8,21.0,20.8,20.86,1797440.0
2016-09-16,21.0,20.7,20.8,20.8,20.81,4373810.0
2016-09-19,21.5,21.0,21.0,21.45,21.37,1667500.0
2016-09-20,21.7,21.2,21.45,21.55,21.55,1784010.0
2016-09-21,21.9,21.6,21.7,21.85,21.81,2543800.0
2016-09-22,22.2,21.7,22.0,21.85,21.98,2182580.0
2016-09-23,22.1,21.6,21.85,21.6,21.83,2107710.0
2016-09-26,21.9,21.5,21.6,21.8,21.67,1115310.0
2016-09-27,21.95,21.75,21.8,21.95,21.88,990300.0
2016-09-28,22.4,22.05,22.1,22.4,22.24,2452100.0
2016-09-29,22.55,22.3,22.5,22.3,22.42,1861150.0
2016-09-30,22.4,22.2,22.3,22.3,22.32,1781390.0
2016-10-03,22.7,22.35,22.4,22.4,22.5,1691380.0
2016-10-04,22.75,22.4,22.4,22.6,22.59,1606960.0
2016-10-05,23.0,22.55,22.6,22.65,22.7,1055310.0
2016-10-06,22.75,22.35,22.75,22.4,22.55,2161880.0
2016-10-07,22.5,22.0,22.5,22.3,22.21,1672120.0
2016-10-10,22.6,22.1,22.1,22.3,22.35,1728140.0
2016-10-11,21.6,21.1,21.6,21.35,21.35,1443680.0
2016-10-12,21.45,21.15,21.4,21.15,21.253,693230.0
2016-10-13,21.3,20.9,21.05,21.3,21.06,1438930.0
2016-10-14,21.5,21.25,21.25,21.25,21.38,881320.0
2016-10-17,21.3,21.1,21.3,21.2,21.19,906920.0
2016-10-18,21.2,20.95,21.2,21.1,21.07,957160.0
2016-10-19,21.35,21.1,21.1,21.25,21.21,1316350.0
2016-10-20,21.45,21.2,21.3,21.25,21.36,1084380.0
2016-10-21,21.95,21.3,21.8,21.55,21.71,2914690.0
2016-10-24,21.55,21.1,21.55,21.1,21.35,891270.0
2016-10-25,21.4,20.95,21.1,21.15,21.11,2115390.0
2016-10-26,21.2,20.75,21.05,20.8,20.89,1601930.0
2016-10-27,20.95,20.75,20.85,20.8,20.84,990620.0
2016-10-28,20.9,20.8,20.8,20.8,20.84,1275060.0
2016-10-31,21.2,20.9,20.9,21.05,21.04,1425890.0
2016-11-01,21.1,20.85,21.0,20.85,20.95,646110.0
2016-11-02,20.95,20.8,20.85,20.8,20.82,810120.0
2016-11-03,20.8,20.3,20.8,20.45,20.45,1421660.0
2016-11-04,20.55,20.2,20.45,20.2,20.33,696310.0
2016-11-07,20.7,20.25,20.3,20.65,20.52,779200.0
2016-11-08,20.9,20.6,20.7,20.65,20.75,512140.0
2016-11-09,20.75,19.5,20.55,20.35,20.12,2236680.0
2016-11-10,20.7,20.5,20.6,20.65,20.63,1131470.0
2016-11-11,20.65,20.5,20.5,20.5,20.54,548200.0
2016-11-14,20.4,20.05,20.35,20.1,20.2,1346720.0
2016-11-15,20.35,20.1,20.25,20.35,20.26,604430.0
2016-11-16,20.4,20.25,20.4,20.3,20.34,551540.0
2016-11-17,20.35,20.1,20.3,20.15,20.18,809040.0
2016-11-18,20.2,19.95,20.15,20.0,20.02,992700.0
2016-11-21,20.15,19.95,20.0,20.05,20.01,645260.0
2016-11-22,20.45,20.1,20.15,20.3,20.29,929250.0
2016-11-23,20.4,20.2,20.4,20.25,20.31,544830.0
2016-11-24,20.25,20.15,20.2,20.15,20.2,404940.0
2016-11-25,20.15,20.0,20.15,20.1,20.07,510060.0
2016-11-28,20.15,19.2,20.1,20.0,19.7,1271400.0
2016-11-29,20.0,19.55,20.0,19.6,19.62,1500540.0
2016-11-30,20.3,19.85,20.0,19.9,20.04,1721630.0
2016-12-01,20.2,19.85,20.2,19.85,20.03,838370.0
2016-12-02,19.9,19.6,19.85,19.7,19.72,935790.0
2016-12-05,19.65,19.2,19.65,19.2,19.32,1816580.0
2016-12-06,19.2,18.6,19.2,18.6,18.82,2332410.0
2016-12-07,19.1,18.55,18.55,18.6,18.71,1987010.0
2016-12-08,18.9,18.6,18.6,18.7,18.71,916810.0
2016-12-09,18.85,18.65,18.7,18.75,18.72,1081560.0
2016-12-12,18.65,18.5,18.6,18.5,18.57,1036860.0
2016-12-13,18.85,18.5,18.5,18.85,18.69,1981620.0
2016-12-14,19.0,18.7,18.85,19.0,18.86,1241950.0
2016-12-15,19.15,18.85,19.0,19.0,19.02,1035080.0
2016-12-16,19.3,18.9,18.9,19.2,19.17,1786260.0
2016-12-19,19.95,19.2,19.4,19.85,19.65,2338570.0
2016-12-20,19.8,19.6,19.65,19.6,19.68,915470.0
2016-12-21,19.7,19.5,19.7,19.55,19.58,825690.0
2016-12-22,19.65,19.4,19.65,19.4,19.48,1239950.0
2016-12-23,19.5,19.25,19.35,19.4,19.36,704620.0
2016-12-26,19.65,19.4,19.5,19.6,19.57,644680.0
2016-12-27,19.65,19.4,19.65,19.45,19.54,780570.0
2016-12-28,19.85,19.45,19.5,19.75,19.62,949470.0
2016-12-29,19.9,19.7,19.75,19.7,19.79,1050480.0
2016-12-30,19.7,19.55,19.6,19.6,19.61,470290.0
2017-01-03,20.15,19.55,19.6,20.05,19.96,1300330.0
2017-01-04,20.25,19.9,20.05,20.05,20.09,1224340.0
2017-01-05,20.2,20.0,20.1,20.1,20.09,565830.0
2017-01-06,20.75,20.1,20.1,20.3,20.53,2995300.0
2017-01-09,20.6,20.3,20.3,20.5,20.49,886970.0
2017-01-10,20.5,20.25,20.5,20.35,20.36,870950.0
2017-01-11,20.4,20.2,20.3,20.3,20.3,1121780.0
2017-01-12,20.5,20.3,20.35,20.45,20.41,1161780.0
2017-01-13,20.7,20.35,20.4,20.5,20.6,1747710.0
2017-01-16,20.7,20.4,20.4,20.4,20.55,1108470.0
2017-01-17,20.6,20.3,20.45,20.6,20.46,1113850.0
2017-01-18,20.7,20.4,20.6,20.4,20.58,667990.0
2017-01-19,20.4,20.15,20.2,20.15,20.23,620810.0
2017-01-20,20.3,20.15,20.2,20.15,20.2,935820.0
2017-01-23,20.15,19.95,20.15,20.0,20.02,1468570.0
2017-01-24,20.2,19.95,20.0,20.05,20.04,883940.0
2017-01-25,20.25,20.1,20.2,20.2,20.18,581370.0
2017-02-02,20.65,20.25,20.4,20.65,20.43,1000230.0
2017-02-03,20.7,20.45,20.7,20.5,20.59,1166140.0
2017-02-06,20.7,20.45,20.55,20.55,20.56,794960.0
2017-02-07,20.95,20.55,20.65,20.9,20.81,3150060.0
2017-02-08,21.0,20.65,20.95,20.9,20.86,945220.0
2017-02-09,21.0,20.75,21.0,20.8,20.85,742300.0
2017-02-10,20.9,20.75,20.8,20.8,20.8,749990.0
2017-02-13,21.25,20.9,20.9,21.2,21.11,2343770.0
2017-02-14,21.35,21.1,21.2,21.1,21.21,2081730.0
2017-02-15,21.25,20.95,21.05,21.2,21.05,1057850.0
2017-02-16,21.45,20.8,21.4,20.9,21.24,1972960.0
2017-02-17,21.05,20.8,20.9,21.05,20.92,1025850.0
2017-02-20,21.2,20.9,21.05,21.05,21.05,921320.0
2017-02-21,21.2,20.95,21.15,21.05,21.09,1494150.0
2017-02-22,21.95,20.9,21.0,21.55,21.56,4351610.0
2017-02-23,21.8,21.3,21.55,21.6,21.56,1157830.0
2017-02-24,21.6,21.25,21.6,21.3,21.37,1136850.0
2017-02-27,21.5,21.05,21.15,21.3,21.28,1638330.0
2017-02-28,21.75,21.2,21.45,21.2,21.46,1784580.0
2017-03-01,21.25,20.85,21.2,21.2,21.09,1160570.0
2017-03-02,21.3,20.7,21.15,20.7,21.02,1028090.0
2017-03-03,21.05,20.65,21.0,20.8,20.89,799130.0
2017-03-06,21.2,20.8,20.8,21.0,20.98,890510.0
2017-03-07,21.0,20.8,20.9,21.0,20.92,834030.0
2017-03-08,21.4,20.8,21.0,21.0,21.06,1127560.0
2017-03-09,21.65,20.95,21.05,21.5,21.44,3902000.0
2017-03-10,21.8,21.35,21.7,21.35,21.65,1574500.0
2017-03-13,21.45,21.15,21.4,21.4,21.29,1150100.0
2017-03-14,21.6,21.4,21.45,21.4,21.47,1093080.0
2017-03-15,21.45,21.2,21.3,21.3,21.3,1195640.0
2017-03-16,22.3,21.25,21.25,22.3,21.73,6659800.0
2017-03-17,23.15,22.4,22.65,22.75,22.8,9070330.0
2017-03-20,23.4,22.9,23.2,23.0,23.21,3333090.0
2017-03-21,23.15,22.75,22.9,23.0,22.92,3847730.0
2017-03-22,23.35,22.55,22.9,22.55,23.04,5104610.0
2017-03-23,22.9,22.5,22.7,22.75,22.73,2268380.0
2017-03-24,23.3,22.85,23.0,23.05,23.04,2920910.0
2017-03-27,23.75,23.15,23.2,23.45,23.58,5984120.0
2017-03-28,23.7,23.25,23.5,23.45,23.52,2745290.0
2017-03-29,23.55,23.2,23.45,23.55,23.37,2124740.0
2017-03-30,23.9,23.55,23.65,23.85,23.77,2809520.0
2017-03-31,24.15,23.7,23.9,23.85,23.93,2850650.0
2017-04-03,24.35,23.75,23.8,24.2,24.05,3632730.0
2017-04-04,24.45,23.7,24.2,23.8,24.05,4230660.0
2017-04-05,24.2,23.0,23.8,23.0,23.5,6113360.0
2017-04-07,23.4,22.75,23.0,23.2,23.03,2801050.0
2017-04-10,23.95,22.9,23.2,23.9,23.52,3143710.0
2017-04-11,24.05,23.6,23.9,23.6,23.83,2603630.0
2017-04-12,23.6,22.95,23.5,22.95,23.21,2867200.0
2017-04-13,23.1,22.5,22.9,22.5,22.86,2224180.0
2017-04-14,22.5,21.9,22.3,22.2,22.16,4133690.0
2017-04-17,22.55,21.85,22.25,21.85,22.22,2048430.0
2017-04-18,22.6,21.8,21.9,22.55,22.14,3279910.0
2017-04-19,22.55,22.25,22.55,22.25,22.44,1996620.0
2017-04-20,22.5,22.2,22.35,22.35,22.37,1024760.0
2017-04-21,22.85,22.35,22.75,22.35,22.58,2587880.0
2017-04-24,22.4,22.0,22.35,22.0,22.16,1192990.0
2017-04-25,22.3,21.9,22.0,22.15,22.1,852420.0
2017-04-26,22.5,22.15,22.25,22.4,22.36,1465610.0
2017-04-27,22.6,22.25,22.4,22.25,22.38,1153630.0
2017-04-28,22.35,21.9,22.1,21.9,22.05,3439980.0
2017-05-03,22.3,21.9,22.0,22.15,22.06,2112110.0
2017-05-04,22.9,22.3,22.35,22.6,22.64,3247230.0
2017-05-05,22.65,22.4,22.6,22.5,22.53,1392180.0
2017-05-08,23.0,22.35,22.6,23.0,22.76,3767560.0
2017-05-09,23.95,23.05,23.2,23.8,23.54,5663000.0
2017-05-10,24.5,23.55,24.3,23.55,24.12,5146330.0
2017-05-11,24.25,23.6,23.7,23.7,23.81,3995460.0
2017-05-12,24.1,23.4,24.0,23.5,23.74,3418570.0
2017-05-15,24.3,23.5,23.5,24.0,23.82,4504810.0
2017-05-16,24.75,23.7,24.4,23.7,24.23,4042840.0
2017-05-17,24.15,23.6,23.6,24.1,23.87,3230800.0
2017-05-18,25.1,23.9,23.95,24.5,24.63,10303810.0
2017-05-19,26.0,24.45,24.7,26.0,25.47,9441840.0
2017-05-22,26.65,25.75,26.4,25.75,26.19,5328400.0
2017-05-23,26.25,25.4,25.55,25.4,25.68,7999540.0
2017-05-24,26.9,25.3,25.6,26.2,26.047,6557520.0
2017-05-25,27.0,26.25,26.8,26.25,26.62,5746950.0
2017-05-26,26.5,25.9,26.3,26.0,26.16,3615990.0
2017-05-29,26.6,25.8,26.3,25.8,26.15,3751650.0
2017-05-30,25.8,24.7,25.8,24.75,25.26,7680150.0
2017-05-31,25.2,24.55,24.75,24.8,24.91,4782800.0
2017-06-01,25.1,24.8,24.95,24.9,24.97,1888560.0
2017-06-02,26.0,24.75,24.95,25.8,25.37,5519180.0
2017-06-05,26.0,25.3,25.9,25.3,25.62,2811740.0
2017-06-06,25.7,25.25,25.45,25.6,25.49,2952940.0
2017-06-07,26.25,25.75,25.8,25.85,25.98,4110110.0
2017-06-08,26.4,25.75,26.0,26.05,26.12,3599060.0
2017-06-09,26.6,26.1,26.2,26.25,26.33,3427850.0
2017-06-12,26.6,26.15,26.4,26.3,26.4,3962400.0
2017-06-13,26.75,26.25,26.3,26.6,26.52,3306640.0
2017-06-14,26.9,26.4,26.9,26.5,26.7,3100170.0
2017-06-15,26.65,26.35,26.5,26.4,26.47,3162870.0
2017-06-16,26.8,26.35,26.4,26.6,26.6,5066760.0
2017-06-19,27.8,26.8,26.9,27.7,27.35,6069550.0
2017-06-20,28.15,27.5,28.1,27.55,27.79,5364220.0
2017-06-21,27.6,27.1,27.4,27.4,27.37,5752750.0
2017-06-22,27.65,27.2,27.65,27.35,27.4,3594520.0
2017-06-23,27.5,26.9,27.5,27.3,27.13,4040440.0
2017-06-26,27.6,27.3,27.3,27.45,27.42,2680120.0
2017-06-27,27.55,26.95,27.5,26.95,27.21,2752530.0
2017-06-28,27.4,26.85,26.95,27.4,27.16,3526870.0
2017-06-29,27.75,27.35,27.5,27.5,27.55,2457240.0
2017-06-30,27.65,27.4,27.55,27.65,27.53,2278220.0
2017-07-03,28.25,27.8,28.0,27.95,28.1,5285670.0
2017-07-04,28.25,27.95,28.05,28.25,28.09,3945450.0
2017-07-05,28.35,28.1,28.25,28.3,28.25,2157440.0
2017-07-06,29.0,28.6,28.7,28.6,28.73,3921060.0
2017-07-07,28.55,27.1,28.55,27.5,27.96,8004690.0
2017-07-10,27.6,26.65,27.5,26.65,27.07,6248380.0
2017-07-11,26.85,26.2,26.65,26.8,26.54,4365510.0
2017-07-12,27.15,26.55,27.0,26.6,26.8,2688120.0
2017-07-13,26.7,26.5,26.55,26.65,26.61,2098440.0
2017-07-14,27.25,26.7,26.75,26.8,26.94,4038140.0
2017-07-17,26.9,25.55,26.9,25.7,26.15,4984560.0
2017-07-18,25.7,25.1,25.6,25.25,25.34,4271440.0
2017-07-19,25.65,25.1,25.55,25.2,25.37,3402230.0
2017-07-20,25.35,24.8,25.1,25.3,25.1,5627150.0
2017-07-21,25.7,24.95,25.7,25.4,25.31,4105620.0
2017-07-24,25.2,24.75,25.0,24.75,24.94,2785230.0
2017-07-25,25.25,24.65,24.75,25.25,24.93,2942910.0
2017-07-26,25.65,25.2,25.35,25.6,25.48,4324720.0
2017-07-27,25.75,25.45,25.6,25.55,25.61,3620350.0
2017-07-28,26.0,25.45,25.5,25.85,25.77,3213330.0
2017-07-31,26.35,25.85,25.9,26.3,26.1,4547380.0
2017-08-01,26.7,26.0,26.45,26.0,26.32,4487850.0
2017-08-02,26.15,25.6,25.9,25.75,25.91,4390170.0
2017-08-03,26.2,25.8,25.8,25.95,26.01,3366750.0
2017-08-04,26.4,26.05,26.2,26.4,26.23,3367330.0
2017-08-07,26.8,26.35,26.65,26.35,26.58,4241210.0
2017-08-08,26.4,25.9,26.4,26.0,26.15,4126450.0
2017-08-09,25.9,25.1,25.9,25.25,25.51,4776350.0
2017-08-10,25.4,25.0,25.0,25.2,25.17,3161970.0
2017-08-11,25.4,25.0,25.25,25.05,25.15,2820050.0
2017-08-14,25.4,25.05,25.05,25.3,25.19,1485350.0
2017-08-15,25.5,25.05,25.5,25.15,25.23,1531770.0
2017-08-16,25.25,25.05,25.05,25.15,25.14,2517880.0
2017-08-17,25.25,24.6,25.25,24.6,24.94,3983210.0
2017-08-18,25.05,24.4,24.5,24.85,24.79,4147990.0
2017-08-21,24.9,24.45,24.85,24.45,24.7,2181090.0
2017-08-22,24.5,24.0,24.45,24.0,24.22,3569570.0
2017-08-23,24.3,23.85,24.1,24.3,24.1,3220320.0
2017-08-24,24.6,24.2,24.2,24.35,24.41,2527440.0
2017-08-25,24.7,24.35,24.55,24.65,24.51,2255190.0
2017-08-28,25.2,24.5,24.7,25.15,24.9,4638200.0
2017-08-29,25.25,24.9,25.2,24.9,25.01,2728450.0
2017-08-30,25.0,24.8,24.9,24.85,24.88,1662960.0
2017-08-31,25.15,24.75,24.8,25.05,24.95,3062070.0
2017-09-01,25.3,25.05,25.05,25.2,25.16,2119210.0
2017-09-05,25.3,24.85,25.1,25.1,25.09,1729240.0
2017-09-06,25.15,24.9,25.1,25.0,25.04,1730160.0
2017-09-07,25.35,24.95,25.0,25.05,25.17,2018750.0
2017-09-08,25.2,24.95,25.1,24.95,25.05,1520010.0
2017-09-11,25.05,24.65,24.85,24.7,24.83,2314020.0
2017-09-12,24.8,24.6,24.7,24.7,24.72,1704890.0
2017-09-13,25.05,24.75,24.8,25.05,24.95,1778620.0
2017-09-14,25.7,25.15,25.2,25.45,25.44,4068280.0
2017-09-15,25.6,25.3,25.45,25.6,25.49,2947640.0
2017-09-18,26.05,25.5,25.65,25.8,25.81,4147740.0
2017-09-19,25.95,25.7,25.9,25.8,25.82,2288850.0
2017-09-20,25.85,25.45,25.85,25.5,25.64,1488560.0
2017-09-21,25.65,25.35,25.5,25.35,25.45,2634790.0
2017-09-22,25.7,25.4,25.5,25.5,25.55,1799610.0
2017-09-25,25.8,25.4,25.6,25.4,25.57,1957240.0
2017-09-26,25.55,25.35,25.55,25.4,25.42,1600660.0
2017-09-27,25.55,25.35,25.4,25.4,25.44,790510.0
2017-09-28,25.55,25.0,25.4,25.0,25.31,1773660.0
2017-09-29,25.2,25.0,25.0,25.05,25.07,1668120.0
2017-10-02,25.25,24.95,25.05,25.0,25.08,798050.0
2017-10-03,25.05,24.7,25.05,24.9,24.88,1434940.0
2017-10-04,25.1,24.8,24.9,25.1,24.94,1351090.0
2017-10-05,25.65,25.1,25.2,25.55,25.47,3224300.0
2017-10-06,25.8,25.5,25.6,25.55,25.6,2350450.0
2017-10-09,25.05,24.75,25.0,24.75,24.86,3954240.0
2017-10-10,24.7,24.45,24.7,24.55,24.54,2785450.0
2017-10-11,24.85,24.6,24.8,24.7,24.74,3054990.0
2017-10-12,24.8,24.35,24.7,24.35,24.55,2537430.0
2017-10-13,24.4,24.2,24.3,24.35,24.31,1686550.0
2017-10-16,24.45,24.3,24.35,24.4,24.37,1821810.0
2017-10-17,24.8,24.35,24.4,24.8,24.6,2378250.0
2017-10-18,25.25,24.85,25.0,24.85,25.13,7487940.0
2017-10-19,25.0,24.5,24.9,24.5,24.73,2360570.0
2017-10-20,24.75,24.3,24.5,24.3,24.49,2588670.0
2017-10-23,24.2,23.6,24.2,23.6,23.94,4844710.0
2017-10-24,23.75,23.35,23.65,23.35,23.51,3195190.0
2017-10-25,23.6,23.35,23.6,23.4,23.48,1940490.0
2017-10-26,23.5,22.8,23.4,23.2,23.06,3117300.0
2017-10-27,23.2,22.9,23.0,23.2,23.06,1703920.0
2017-10-30,23.4,22.85,23.3,22.85,23.04,2919480.0
2017-10-31,23.0,22.6,22.8,22.6,22.8,2300130.0
2017-11-01,22.7,21.9,22.6,22.2,22.17,4748180.0
2017-11-02,23.0,22.4,22.5,22.55,22.67,4224030.0
2017-11-03,22.8,22.5,22.5,22.8,22.62,1445110.0
2017-11-06,23.1,22.8,22.8,23.1,22.97,1455830.0
2017-11-07,23.2,22.9,23.2,23.0,23.05,1751460.0
2017-11-08,23.1,22.9,23.0,23.05,23.01,1688320.0
2017-11-09,23.45,23.1,23.1,23.35,23.32,2422140.0
2017-11-10,23.45,23.15,23.25,23.3,23.32,1729980.0
2017-11-13,24.05,23.15,23.3,24.05,23.7,3562920.0
2017-11-14,24.5,23.75,24.2,24.3,24.13,2988570.0
2017-11-15,24.4,24.0,24.0,24.25,24.3,2064670.0
2017-11-16,24.6,24.0,24.1,24.6,24.42,3823680.0
2017-11-17,24.8,24.25,24.7,24.5,24.55,3145030.0
2017-11-20,24.8,24.35,24.4,24.6,24.6,2020940.0
2017-11-21,25.5,24.65,24.65,25.1,25.04,7980790.0
2017-11-22,25.6,25.1,25.2,25.45,25.33,4469450.0
2017-11-23,25.85,25.3,25.65,25.5,25.64,4370900.0
2017-11-24,25.6,25.2,25.5,25.5,25.42,3049650.0
2017-11-27,26.25,25.6,25.7,26.0,25.99,5689130.0
2017-11-28,26.2,25.7,26.2,26.0,25.92,3750360.0
2017-11-29,27.5,26.6,27.0,26.6,26.92,7091470.0
2017-11-30,27.3,26.65,26.8,26.9,26.93,4363400.0
2017-12-01,27.9,26.85,26.95,27.55,27.42,6156170.0
2017-12-04,29.3,27.65,27.8,29.1,28.67,6806200.0
2017-12-05,29.1,28.0,29.0,28.2,28.62,6557080.0
2017-12-06,28.2,26.95,28.1,27.95,27.7,8655410.0
2017-12-07,28.0,26.9,27.95,27.1,27.28,5225010.0
2017-12-08,27.6,26.85,27.2,27.2,27.23,3859820.0
2017-12-11,27.1,25.8,26.9,25.8,26.49,4164300.0
2017-12-12,26.45,24.85,26.0,26.45,25.79,5025080.0
2017-12-13,26.6,25.95,26.45,26.2,26.29,2998760.0
2017-12-14,26.7,26.15,26.15,26.65,26.54,2149240.0
2017-12-15,27.4,26.45,26.9,27.1,26.92,4526560.0
2017-12-18,27.75,27.3,27.6,27.5,27.5,4340510.0
2017-12-19,28.15,27.6,27.7,27.85,27.96,6370700.0
2017-12-20,28.45,27.8,28.0,28.0,28.14,4275100.0
2017-12-21,28.25,27.6,28.0,27.6,27.96,3513330.0
2017-12-22,27.85,27.25,27.4,27.55,27.55,2724100.0
2017-12-25,28.1,27.6,27.6,27.85,27.86,2111030.0
2017-12-26,28.2,27.9,28.0,28.0,28.04,5812250.0
2017-12-27,28.25,27.7,28.05,27.7,28.03,4074240.0
2017-12-28,28.75,27.85,27.95,28.65,28.4,5966090.0
2017-12-29,29.35,28.7,29.05,28.8,29.08,8515590.0
2018-01-02,29.3,28.9,28.9,29.1,29.1,4495320.0
2018-01-03,30.2,29.2,29.3,30.2,29.95,10288870.0
2018-01-04,30.5,30.0,30.3,30.1,30.2,7008620.0
2018-01-05,30.3,28.9,30.2,28.9,29.6,8352050.0
2018-01-08,29.5,28.6,28.9,29.5,29.01,8373690.0
2018-01-09,30.2,29.35,30.0,29.8,29.85,5444200.0
2018-01-10,30.8,29.9,30.15,30.35,30.47,10488420.0
2018-01-11,30.45,29.8,30.35,30.3,30.2,6501660.0
2018-01-12,31.75,30.3,30.5,31.3,31.07,12631800.0
2018-01-15,32.2,30.8,31.4,31.95,31.78,6137200.0
2018-01-16,32.1,31.25,31.6,31.85,31.67,7478000.0
2018-01-17,31.95,30.5,31.8,30.5,31.35,9686960.0
2018-01-18,31.5,29.7,30.1,31.5,30.36,7995830.0
2018-01-19,32.75,31.5,31.7,32.5,32.2,9547150.0
2018-01-22,34.3,32.8,33.0,34.2,33.55,10543620.0
2018-01-25,36.3,34.0,34.0,35.4,34.87,12487460.0
2018-01-26,36.3,34.5,35.7,35.3,35.37,7800330.0
2018-01-29,37.1,35.2,35.3,36.6,36.2,5129430.0
2018-01-30,36.65,35.5,35.6,36.5,35.9,8691900.0
2018-01-31,36.95,34.1,36.5,34.1,35.84,7354310.0
2018-02-01,35.5,34.1,35.0,34.55,34.73,6872490.0
2018-02-02,35.35,34.5,34.8,35.1,34.91,3569790.0
2018-02-05,34.7,32.65,34.0,32.65,33.53,9615070.0
2018-02-06,32.3,30.4,30.4,31.2,30.61,12223040.0
2018-02-07,33.35,32.6,33.2,33.0,33.12,5380150.0
2018-02-08,33.0,31.6,32.2,31.6,32.31,2490480.0
2018-02-09,31.6,29.9,29.9,31.6,30.72,5374370.0
2018-02-12,33.6,32.4,32.7,33.6,32.94,4601160.0
2018-02-13,34.5,33.8,33.8,34.15,34.13,3788310.0
2018-02-21,35.6,34.35,34.5,35.1,35.04,5567150.0
2018-02-22,35.15,34.05,34.6,34.4,34.73,4411070.0
2018-02-23,35.3,34.45,34.7,35.2,34.89,4271290.0
2018-02-26,36.2,35.05,36.0,35.05,35.74,7218640.0
2018-02-27,35.45,34.85,35.3,35.3,35.17,4419640.0
2018-02-28,36.9,34.75,35.0,36.9,36.15,9313900.0
2018-03-01,38.45,36.8,36.9,37.8,37.86,8972120.0
2018-03-02,38.25,36.9,37.3,38.0,37.71,6267180.0
2018-03-05,38.95,35.35,38.4,35.35,37.73,8925540.0
2018-03-06,37.8,35.8,36.25,37.8,36.78,7628590.0
2018-03-07,38.9,37.3,38.0,38.2,38.17,8682010.0
2018-03-08,38.2,37.5,38.1,38.15,37.83,5641340.0
2018-03-09,39.45,38.45,38.9,38.8,38.83,9301060.0
2018-03-12,39.45,38.3,39.3,38.4,38.87,4999020.0
2018-03-13,39.5,38.3,38.6,39.5,38.73,5269610.0
2018-03-14,39.95,39.2,39.85,39.2,39.55,4990260.0
2018-03-15,39.35,38.8,38.9,39.25,39.12,4764650.0
2018-03-16,41.15,39.4,39.5,41.0,40.51,14370650.0
2018-03-19,41.8,40.5,41.5,41.0,41.28,5351810.0
2018-03-20,41.7,40.4,40.4,41.05,41.11,5022610.0
2018-03-21,41.4,40.6,41.35,40.95,41.05,5884400.0
2018-03-22,41.35,40.25,41.3,40.3,40.72,6711150.0
2018-03-23,39.6,38.1,39.1,39.6,39.0,9963470.0
2018-03-26,40.3,39.2,39.3,40.2,39.75,4121060.0
2018-03-27,41.1,39.8,40.9,40.0,40.58,5638950.0
2018-03-28,40.0,39.3,39.55,39.5,39.64,3125890.0
2018-03-29,39.75,38.85,39.55,39.0,39.16,3861330.0
2018-03-30,39.2,38.2,39.15,39.0,38.81,4561950.0
2018-04-02,40.85,39.3,39.5,40.8,40.38,6731550.0
2018-04-03,42.55,40.5,40.8,42.2,41.68,12295680.0
2018-04-04,43.2,41.9,43.0,41.9,42.46,6024780.0
2018-04-05,42.35,41.6,42.2,41.9,41.99,4500600.0
2018-04-06,42.65,41.75,42.0,41.9,42.19,6142670.0
2018-04-09,44.3,41.9,42.0,44.3,43.15,9138680.0
2018-04-10,44.4,43.05,44.1,43.5,43.71,6851810.0
2018-04-11,43.7,41.7,43.6,41.8,42.59,8254090.0
2018-04-12,42.45,40.8,41.5,42.0,41.88,6199070.0
2018-04-13,42.5,41.1,42.5,41.3,41.72,3210960.0
2018-04-16,42.2,40.1,41.1,41.4,41.53,3355220.0
2018-04-17,42.0,40.9,41.5,42.0,41.56,2444350.0
2018-04-18,42.5,41.5,42.2,41.5,42.03,3774190.0
2018-04-19,41.6,40.45,41.0,40.6,40.97,5077900.0
2018-04-20,42.0,40.05,40.6,42.0,41.12,4445130.0
2018-04-23,42.1,39.1,41.9,39.1,40.31,5811840.0
2018-04-24,39.2,37.4,39.0,37.4,38.48,4821750.0
2018-04-26,37.45,34.8,37.4,34.8,35.37,10854440.0
2018-04-27,36.7,34.3,34.3,36.0,35.65,5390690.0
2018-05-02,36.45,34.7,36.3,34.8,35.63,3753890.0
2018-05-03,35.4,32.7,34.3,35.0,34.1,5248480.0
2018-05-04,35.6,34.1,35.5,34.25,34.79,2624670.0
2018-05-07,36.55,34.0,34.9,36.4,35.3,3820060.0
2018-05-08,36.8,35.8,36.0,35.8,36.34,3875690.0
2018-05-09,36.2,35.4,35.7,35.8,35.81,3990570.0
2018-05-10,35.75,34.0,35.5,34.3,34.97,3909990.0
2018-05-11,34.6,33.3,34.0,34.6,34.05,5007300.0
2018-05-14,35.4,34.4,35.0,35.0,34.93,3544440.0
2018-05-15,35.95,35.1,35.3,35.5,35.54,3927810.0
2018-05-16,35.5,34.2,35.1,34.5,34.9,3220940.0
2018-05-17,34.9,33.6,34.6,33.6,34.09,4449330.0
2018-05-18,34.15,32.0,34.0,33.0,32.95,4498370.0
2018-05-21,33.5,32.0,33.3,32.0,32.63,3716910.0
2018-05-22,32.2,29.8,31.0,30.05,30.52,7843100.0
2018-05-23,31.2,29.8,30.0,31.2,30.48,6944590.0
2018-05-24,31.45,30.35,31.0,30.45,30.83,2976910.0
2018-05-25,31.15,29.5,30.45,29.5,30.59,4587060.0
2018-05-28,29.5,27.45,29.5,27.5,28.27,9055430.0
2018-05-29,29.4,27.8,28.5,29.4,28.81,5068460.0
2018-05-30,30.5,29.2,29.2,29.95,30.01,5761840.0
2018-05-31,32.0,29.6,29.9,32.0,31.03,8063970.0
2018-06-01,32.9,31.8,32.0,32.35,32.36,9046480.0
2018-06-04,33.7,31.6,32.3,33.4,32.79,5630880.0
2018-06-05,33.55,32.65,33.2,33.5,33.11,6196020.0
2018-06-06,34.0,32.8,33.1,33.9,33.65,4421630.0
2018-06-07,34.05,33.3,34.0,33.35,33.69,5372030.0
2018-06-08,34.0,33.0,33.2,34.0,33.54,4475060.0
2018-06-11,34.9,33.4,33.45,34.05,34.32,4555630.0
2018-06-12,34.1,32.5,33.7,33.6,33.44,7677610.0
2018-06-13,34.0,33.4,33.7,33.95,33.7,3136880.0
2018-06-14,34.3,32.6,33.95,32.6,33.37,4628600.0
2018-06-15,33.5,32.1,32.5,33.5,32.97,3949840.0
2018-06-18,33.5,31.2,33.0,31.25,31.88,6435560.0
2018-06-19,31.0,29.1,30.1,31.0,29.53,9326040.0
2018-06-20,31.9,30.4,31.05,31.5,31.28,3487980.0
2018-06-21,31.3,30.5,31.05,30.9,30.91,3112150.0
2018-06-22,31.7,30.1,30.3,31.6,30.99,3531350.0
2018-06-25,32.2,31.6,32.2,31.65,31.97,2553490.0
2018-06-26,31.6,30.95,31.0,31.4,31.18,1802400.0
2018-06-27,31.7,29.7,31.4,29.7,30.65,3300080.0
2018-06-28,29.8,28.5,29.3,28.5,28.99,5743020.0
2018-06-29,29.2,28.2,28.6,28.5,28.62,2276350.0
2018-07-02,28.4,26.6,28.0,27.5,27.08,7545540.0
2018-07-03,27.85,25.8,27.7,25.8,26.54,6402640.0
2018-07-04,27.3,25.2,26.0,27.25,26.4,4230790.0
2018-07-05,27.35,25.6,27.0,26.85,26.37,3160930.0
2018-07-06,28.7,26.3,26.85,28.6,27.85,7565200.0
2018-07-09,29.0,27.6,28.65,27.8,28.48,3251740.0
2018-07-10,28.35,27.6,27.8,27.65,27.97,2492760.0
2018-07-11,26.85,25.8,26.55,26.0,26.21,5866130.0
2018-07-12,27.05,25.8,26.0,26.1,26.38,2497850.0
2018-07-13,27.5,26.2,26.8,27.45,27.05,3549250.0
2018-07-16,27.85,27.05,27.5,27.3,27.49,2512090.0
2018-07-17,27.9,26.75,27.0,27.8,27.31,3557820.0
2018-07-18,29.25,28.05,28.2,29.2,28.48,5804510.0
2018-07-19,29.4,28.7,29.0,28.9,29.04,3803880.0
2018-07-20,29.15,28.05,28.55,29.15,28.55,4836970.0
2018-07-23,29.2,28.15,28.8,28.15,28.72,4456950.0
2018-07-24,28.2,27.15,28.15,27.4,27.71,2972580.0
2018-07-25,27.8,26.5,27.4,26.5,27.19,2881830.0
2018-07-26,27.7,26.3,26.5,27.7,26.74,3738410.0
2018-07-27,28.3,27.65,27.9,27.9,28.0,2850300.0
2018-07-30,28.6,27.9,28.1,28.6,28.24,3994720.0
2018-07-31,29.2,28.2,28.6,28.9,28.86,7063700.0
2018-08-01,29.9,28.8,28.9,29.0,29.31,5047960.0
2018-08-02,29.35,28.3,28.6,29.35,28.75,4689220.0
2018-08-03,29.7,28.95,29.7,29.05,29.35,2786470.0
2018-08-06,29.2,28.4,28.9,28.6,28.83,2069160.0
2018-08-07,29.15,28.4,28.5,28.95,28.89,2260180.0
2018-08-08,29.6,29.0,29.15,29.55,29.35,2793790.0
2018-08-09,30.4,29.6,29.7,29.6,30.01,4278160.0
2018-08-10,30.35,29.45,29.6,30.3,29.87,3668530.0
2018-08-13,31.5,29.95,30.1,31.5,30.71,4756890.0
2018-08-14,31.4,30.9,31.3,31.0,31.09,3465660.0
2018-08-15,31.1,29.8,31.0,30.0,30.53,3465340.0
2018-08-16,29.85,29.05,29.8,29.8,29.52,3722080.0
2018-08-17,30.4,29.7,30.3,29.7,30.09,3043490.0
2018-08-20,29.9,29.1,29.7,29.15,29.52,2369080.0
2018-08-21,30.6,29.15,29.15,30.6,29.76,4029440.0
2018-08-22,30.9,30.2,30.9,30.2,30.53,2648670.0
2018-08-23,30.7,30.1,30.25,30.55,30.43,2055630.0
2018-08-24,30.7,30.0,30.55,30.2,30.38,2811160.0
2018-08-27,31.25,30.4,30.5,30.85,30.85,4427800.0
2018-08-28,31.9,30.95,31.0,31.7,31.49,7117300.0
2018-08-29,31.95,31.25,31.5,31.9,31.7,4251020.0
2018-08-30,32.25,31.4,31.65,32.25,31.87,4361960.0
2018-08-31,32.25,31.6,31.85,31.6,31.94,3029690.0
2018-09-04,31.6,30.65,31.3,30.7,31.09,3231530.0
2018-09-05,30.95,30.2,30.5,30.9,30.59,3701410.0
2018-09-06,31.0,30.6,30.75,30.9,30.86,2061300.0
2018-09-07,31.5,30.85,30.9,31.5,31.16,3928320.0
2018-09-10,31.6,31.25,31.3,31.3,31.4,2590800.0
2018-09-11,32.2,31.1,31.1,32.2,31.73,5786190.0
2018-09-12,32.5,31.7,32.45,31.7,32.04,4418180.0
2018-09-13,32.2,31.7,31.95,31.8,31.97,2672170.0
2018-09-14,32.4,31.8,31.8,32.1,32.16,3169020.0
2018-09-17,32.05,31.3,31.8,31.3,31.7,2156240.0
2018-09-18,32.0,30.8,31.0,32.0,31.47,3436290.0
2018-09-19,32.4,32.0,32.2,32.25,32.24,4606830.0
2018-09-20,32.8,32.15,32.2,32.6,32.45,4587420.0
2018-09-21,33.2,32.65,33.0,32.9,32.97,7085490.0
2018-09-24,33.35,32.95,33.25,33.15,33.15,3011110.0
2018-09-25,33.3,32.8,32.95,32.95,33.01,3284420.0
2018-09-26,33.4,32.9,32.9,33.0,33.12,2945320.0
2018-09-27,33.8,33.0,33.2,33.6,33.47,4349150.0
2018-09-28,33.8,33.5,33.7,33.5,33.62,3238680.0
2018-10-01,33.6,33.1,33.5,33.2,33.38,2718800.0
2018-10-02,33.45,32.95,33.05,33.05,33.16,2987970.0
2018-10-03,33.35,33.0,33.2,33.35,33.21,2595250.0
2018-10-04,33.3,32.5,32.7,33.3,32.8,3749870.0
2018-10-05,33.3,32.6,33.0,32.6,33.0,3497780.0
2018-10-08,32.85,32.15,32.4,32.55,32.52,2493570.0
2018-10-09,32.8,32.45,32.55,32.65,32.57,1334060.0
2018-10-10,32.8,32.0,32.7,32.6,32.63,2429860.0
2018-10-11,31.9,30.35,31.2,30.35,30.58,9927880.0
2018-10-12,31.1,29.45,30.1,30.95,30.38,4954220.0
2018-10-15,30.95,30.15,30.95,30.3,30.5,1845760.0
2018-10-16,30.5,30.0,30.4,30.35,30.37,2143320.0
2018-10-17,30.95,30.6,30.9,30.8,30.78,2565980.0
2018-10-18,30.8,30.3,30.5,30.4,30.5,2044470.0
2018-10-19,30.5,29.7,29.9,30.15,30.05,2307550.0
2018-10-22,30.7,30.0,30.5,30.0,30.3,2307270.0
2018-10-23,29.8,28.55,29.5,29.0,29.15,4487910.0
2018-10-24,29.35,28.3,29.0,28.3,28.6,4276680.0
2018-10-25,28.2,26.5,26.5,28.0,27.47,4115970.0
2018-10-26,28.5,27.55,28.35,27.55,28.05,2485300.0
2018-10-29,27.55,27.1,27.5,27.4,27.37,1971190.0
2018-10-30,28.15,27.15,27.5,27.5,27.69,1967410.0
2018-10-31,28.8,27.85,28.0,28.65,28.32,2418880.0
2018-11-01,28.8,27.95,28.75,28.0,28.42,2372190.0
2018-11-02,29.0,28.1,28.25,28.8,28.59,3357100.0
2018-11-05,29.1,28.3,28.4,28.9,28.63,1836910.0
2018-11-06,29.2,28.6,29.1,28.6,28.97,2015480.0
2018-11-07,28.75,28.05,28.6,28.5,28.4,1878310.0
2018-11-08,29.0,28.65,29.0,28.65,28.83,1772080.0
2018-11-09,28.6,27.8,28.5,27.8,28.22,1537960.0
2018-11-12,28.3,27.3,27.5,28.3,27.82,1881680.0
2018-11-13,28.15,27.5,27.5,27.85,27.82,1201380.0
2018-11-14,28.2,27.35,27.85,27.8,27.73,1152590.0
2018-11-15,27.9,27.35,27.8,27.6,27.6,1109230.0
2018-11-16,28.0,27.5,27.8,27.7,27.74,1419440.0
2018-11-19,28.5,27.9,27.9,28.5,28.2,2127510.0
2018-11-20,28.45,28.15,28.15,28.4,28.28,1348260.0
2018-11-21,28.9,27.9,28.0,28.9,28.41,1622010.0
2018-11-22,29.0,28.55,28.9,28.65,28.75,1187210.0
2018-11-23,28.65,27.9,28.65,27.9,28.25,1364180.0
2018-11-26,27.95,27.7,27.7,27.8,27.83,1112650.0
2018-11-27,28.2,27.8,27.95,27.95,28.05,1626230.0
2018-11-28,28.2,27.75,27.95,28.2,27.92,1561150.0
2018-11-29,28.75,28.25,28.5,28.3,28.54,2115370.0
2018-11-30,28.5,28.15,28.25,28.5,28.36,1080940.0
2018-12-03,29.65,29.0,29.1,29.65,29.33,3666920.0
2018-12-04,29.75,29.25,29.5,29.45,29.5,2144650.0
2018-12-05,29.6,29.0,29.1,29.5,29.21,2978510.0
2018-12-06,29.6,29.3,29.4,29.4,29.42,2552240.0
2018-12-07,29.9,29.5,29.5,29.65,29.69,2214580.0
2018-12-10,29.5,29.25,29.3,29.25,29.32,1061320.0
2018-12-11,29.4,29.05,29.25,29.15,29.21,850740.0
2018-12-12,29.65,29.2,29.35,29.65,29.45,947590.0
2018-12-13,30.0,29.7,29.8,29.7,29.84,1923340.0
2018-12-14,29.65,29.3,29.4,29.3,29.46,1195470.0
2018-12-17,29.25,28.55,29.1,28.55,28.97,1604620.0
2018-12-18,28.55,27.8,27.8,28.2,28.15,1975390.0
2018-12-19,28.45,27.9,28.45,28.1,28.1,1349430.0
2018-12-20,28.5,27.95,28.05,28.15,28.14,925300.0
2018-12-21,28.0,27.85,28.0,27.85,27.89,1345330.0
2018-12-24,28.0,26.9,27.8,27.0,27.38,2087580.0
2018-12-25,26.9,25.8,26.45,26.85,26.31,2802250.0
2018-12-26,27.1,26.6,26.8,26.65,26.82,1110080.0
2018-12-27,27.45,27.0,27.2,27.0,27.2,1206330.0
2018-12-28,27.1,26.6,27.0,26.65,26.8,1071830.0
2019-01-02,26.9,26.25,26.7,26.5,26.59,1216350.0
2019-01-03,26.5,25.75,26.5,26.0,26.04,1672220.0
2019-01-04,26.2,25.45,26.0,26.0,25.86,1232910.0
2019-01-07,26.8,26.05,26.8,26.05,26.33,735500.0
2019-01-08,26.15,25.65,26.15,25.7,25.81,1306960.0
2019-01-09,26.1,25.7,26.0,25.75,25.88,1650530.0
2019-01-10,25.95,25.55,25.7,25.55,25.75,1212750.0
2019-01-11,26.3,25.7,25.7,26.15,26.09,1820470.0
2019-01-14,26.2,25.8,26.2,25.8,25.98,776770.0
2019-01-15,26.05,25.75,25.8,26.0,25.91,995860.0
2019-01-16,26.1,25.65,26.05,25.75,25.89,1467160.0
2019-01-17,25.8,25.15,25.75,25.2,25.45,1852510.0
2019-01-18,25.35,24.9,25.2,25.15,25.16,1521200.0
2019-01-21,25.9,25.15,25.15,25.6,25.5,1700870.0
2019-01-22,25.9,25.55,25.6,25.55,25.73,1156270.0
2019-01-23,25.7,25.3,25.4,25.45,25.51,1188790.0
2019-01-24,25.8,25.5,25.7,25.55,25.66,1224550.0
2019-01-25,26.3,25.55,25.55,26.2,26.0,2422010.0
2019-01-28,26.35,25.95,26.2,26.05,26.16,1266510.0
2019-01-29,26.2,25.85,26.15,26.2,26.03,1011500.0
2019-01-30,26.2,26.0,26.2,26.0,26.06,971710.0
2019-01-31,26.5,25.85,26.1,26.1,26.2,1569170.0
2019-02-01,26.2,25.9,25.9,26.1,26.11,985310.0
2019-02-11,26.9,26.2,26.3,26.9,26.54,1946520.0
2019-02-12,27.5,26.8,26.9,27.15,27.14,3517680.0
2019-02-13,27.5,27.15,27.25,27.2,27.3,2327970.0
2019-02-14,27.3,27.05,27.1,27.1,27.18,1420580.0
2019-02-15,27.15,26.75,27.0,26.85,26.9,1828720.0
2019-02-18,27.25,26.95,27.15,27.1,27.07,1754600.0
2019-02-19,27.65,27.1,27.1,27.25,27.35,3414120.0
2019-02-20,27.6,27.25,27.25,27.5,27.48,2300940.0
2019-02-21,27.9,27.5,27.55,27.9,27.76,2871900.0
2019-02-22,28.3,27.7,28.0,28.25,28.13,3132140.0
2019-02-25,28.8,28.45,28.5,28.6,28.6,3266350.0
2019-02-26,28.7,28.15,28.3,28.5,28.4,2864370.0
2019-02-27,28.6,28.25,28.5,28.25,28.37,1240270.0
2019-02-28,28.5,27.75,28.2,27.9,28.06,2286310.0
2019-03-01,28.2,27.9,27.9,28.2,28.06,1042520.0
2019-03-04,28.95,28.3,28.3,28.9,28.66,2304530.0
2019-03-05,29.1,28.5,28.8,28.8,28.87,1955980.0
2019-03-06,29.0,28.55,29.0,28.8,28.73,902140.0
2019-03-07,29.05,28.55,28.55,28.75,28.84,1901510.0
2019-03-08,28.7,28.4,28.5,28.45,28.56,1704440.0
2019-03-11,28.6,28.25,28.45,28.6,28.45,1189010.0
2019-03-12,28.9,28.4,28.9,28.8,28.64,1009700.0
2019-03-13,29.45,28.9,28.9,29.4,29.2,2652480.0
2019-03-14,29.6,29.15,29.5,29.45,29.46,1134420.0
2019-03-15,29.5,29.15,29.5,29.5,29.4,1536660.0
2019-03-18,29.55,29.05,29.55,29.2,29.3,1496440.0
2019-03-19,29.4,28.9,29.3,28.9,29.19,1181940.0
2019-03-20,28.9,28.25,28.9,28.55,28.56,1405780.0
2019-03-21,28.6,27.3,28.55,27.3,28.1,1717850.0
2019-03-22,27.95,27.4,27.6,27.5,27.61,1225180.0
2019-03-25,27.1,26.6,26.8,26.8,26.81,1384910.0
2019-03-26,27.3,26.95,27.1,27.1,27.08,658870.0
2019-03-27,27.5,27.05,27.5,27.1,27.24,789100.0
2019-03-28,27.2,26.95,27.1,27.05,27.11,627460.0
2019-03-29,27.35,27.05,27.3,27.2,27.18,1415600.0
2019-04-01,27.8,27.25,27.4,27.7,27.55,1008960.0
2019-04-02,28.05,27.4,28.0,27.7,27.71,611580.0
2019-04-03,27.6,27.35,27.5,27.35,27.43,504110.0
2019-04-04,27.65,27.3,27.4,27.3,27.44,722050.0
2019-04-05,27.55,27.3,27.3,27.5,27.45,682690.0
2019-04-08,27.8,27.5,27.55,27.8,27.71,1140070.0
2019-04-09,28.05,27.8,27.9,28.0,27.94,1916970.0
2019-04-10,27.9,27.4,27.5,27.45,27.52,815830.0
2019-04-11,27.6,27.25,27.5,27.25,27.35,644980.0
2019-04-12,27.25,27.0,27.25,27.0,27.12,821470.0
2019-04-16,26.95,26.6,26.95,26.75,26.71,1117270.0
2019-04-17,27.0,26.5,26.75,26.55,26.74,1175220.0
2019-04-18,26.6,25.85,26.5,26.0,26.1,1877990.0
2019-04-19,26.4,25.95,26.35,26.0,26.07,730360.0
2019-04-22,25.95,25.0,25.7,25.2,25.33,2123060.0
2019-04-23,25.35,25.05,25.2,25.15,25.26,1678660.0
2019-04-24,25.75,25.3,25.4,25.7,25.58,767360.0
2019-04-25,25.7,25.4,25.7,25.5,25.52,1250190.0
2019-04-26,25.8,25.35,25.6,25.8,25.6,1668760.0
2019-05-02,26.05,25.6,25.85,25.6,25.81,949610.0
2019-05-03,25.9,25.4,25.4,25.9,25.78,1073340.0
2019-05-06,25.5,24.95,25.5,25.2,25.11,2714370.0
2019-05-07,25.55,24.8,25.5,24.9,25.09,2487300.0
2019-05-08,25.05,24.45,24.7,24.7,24.72,1412270.0
2019-05-09,24.95,24.5,24.85,24.6,24.65,994490.0
2019-05-10,25.15,24.6,24.7,25.05,24.85,1243710.0
2019-05-13,25.25,25.0,25.1,25.2,25.17,833800.0
2019-05-14,25.15,24.85,25.0,25.05,24.93,2523900.0
2019-05-15,25.9,25.1,25.3,25.75,25.57,2845830.0
2019-05-16,25.9,25.55,25.75,25.55,25.72,1080440.0
2019-05-17,25.9,25.5,25.55,25.7,25.69,2158380.0
2019-05-20,26.15,25.65,25.75,26.1,25.97,2948390.0
2019-05-21,26.3,25.95,26.2,26.05,26.1,1681390.0
2019-05-22,26.25,25.95,26.0,26.05,26.05,1638520.0
2019-05-23,26.05,25.7,25.7,26.05,25.89,1205860.0
2019-05-24,25.95,25.45,25.9,25.55,25.7,2089530.0
2019-05-27,25.6,25.35,25.55,25.35,25.47,749890.0
2019-05-28,25.35,25.05,25.3,25.2,25.17,1306060.0
2019-05-29,25.3,24.95,25.2,25.05,25.07,846830.0
2019-05-30,25.35,24.85,25.05,25.1,25.17,775200.0
2019-05-31,25.2,24.85,25.1,24.85,24.95,991780.0
2019-06-03,24.85,24.55,24.7,24.75,24.7,1180930.0
2019-06-04,24.9,24.55,24.85,24.8,24.73,694920.0
2019-06-05,25.15,24.85,25.15,24.85,24.98,855950.0
2019-06-06,24.9,24.45,24.8,24.7,24.61,1213200.0
2019-06-07,25.05,24.9,24.9,25.05,24.98,636810.0
2019-06-10,25.35,25.1,25.15,25.2,25.2,930960.0
2019-06-11,25.25,25.1,25.2,25.2,25.18,540470.0
2019-06-12,25.2,24.8,25.2,24.85,24.98,534380.0
2019-06-13,24.9,24.65,24.7,24.8,24.75,659000.0
2019-06-14,25.05,24.8,24.8,24.8,24.93,394640.0
2019-06-17,24.9,24.6,24.7,24.6,24.72,601620.0
2019-06-18,24.7,24.45,24.6,24.45,24.52,913790.0
2019-06-19,24.85,24.6,24.65,24.8,24.78,657740.0
2019-06-20,25.25,24.8,24.85,25.1,25.07,1391800.0
2019-06-21,25.4,25.1,25.1,25.1,25.15,1781100.0
2019-06-24,25.25,24.7,25.2,24.9,25.09,1910480.0
2019-06-25,25.0,24.75,24.75,24.85,24.87,714250.0
2019-06-26,24.95,24.75,24.75,24.8,24.83,1087470.0
2019-06-27,24.8,24.5,24.7,24.6,24.64,1492290.0
2019-06-28,24.8,24.55,24.8,24.8,24.67,611860.0
2019-07-01,25.1,24.8,25.05,25.0,24.96,952870.0
2019-07-02,25.05,24.7,25.0,24.75,24.86,524290.0
2019-07-03,24.9,24.7,24.9,24.85,24.77,477000.0
2019-07-04,25.3,24.75,24.85,25.2,25.07,1885770.0
2019-07-05,25.5,25.2,25.5,25.35,25.32,1942740.0
2019-07-08,25.35,25.0,25.35,25.1,25.14,984550.0
2019-07-09,25.15,24.85,25.05,25.05,25.0,999090.0
2019-07-10,25.25,24.9,25.05,24.9,25.09,939180.0
2019-07-11,25.15,25.0,25.1,25.1,25.09,876130.0
2019-07-12,25.35,25.0,25.25,25.05,25.14,1156910.0
2019-07-15,25.05,24.9,25.0,25.0,24.99,763410.0
2019-07-16,25.1,24.95,24.95,25.0,25.03,882190.0
2019-07-17,25.9,25.0,25.1,25.8,25.58,3708060.0
2019-07-18,25.75,25.5,25.55,25.55,25.61,1284250.0
2019-07-19,25.8,25.55,25.65,25.6,25.66,1471210.0
2019-07-22,25.45,24.9,25.4,25.05,25.21,1822990.0
2019-07-23,25.25,25.0,25.2,25.1,25.13,813110.0
2019-07-24,25.25,24.65,25.25,24.7,24.84,1523410.0
2019-07-25,24.8,24.3,24.65,24.35,24.55,1758090.0
2019-07-26,24.55,24.15,24.35,24.4,24.34,952890.0
2019-07-29,24.5,24.1,24.45,24.1,24.2,598420.0
2019-07-30,24.35,23.35,24.1,23.35,23.79,1418550.0
2019-07-31,23.35,22.9,23.1,23.2,23.06,1509590.0
2019-08-01,23.45,23.1,23.2,23.3,23.31,437780.0
2019-08-02,23.25,22.8,23.0,23.05,22.94,933330.0
2019-08-05,23.05,22.3,23.0,22.3,22.64,1436440.0
2019-08-06,21.9,21.5,21.8,21.65,21.68,1915860.0
2019-08-07,22.0,21.15,21.65,21.2,21.48,1813960.0
2019-08-08,21.7,20.75,21.2,21.2,21.1,2568910.0
2019-08-09,22.2,21.5,21.65,22.0,21.9,2182560.0
2019-08-12,22.25,21.8,22.1,22.15,21.97,1074610.0
2019-08-13,21.85,21.6,21.75,21.85,21.75,1114110.0
2019-08-14,22.05,21.75,22.0,21.8,21.87,1374140.0
2019-08-15,21.85,21.1,21.5,21.85,21.38,2236500.0
2019-08-16,22.8,21.7,21.85,22.25,22.44,2483530.0
2019-08-19,22.55,22.0,22.55,22.2,22.25,848650.0
2019-08-20,22.4,22.05,22.2,22.1,22.19,1288750.0
2019-08-21,22.5,21.95,22.0,22.5,22.24,2260760.0
2019-08-22,22.65,22.3,22.55,22.4,22.45,986320.0
2019-08-23,22.4,22.1,22.4,22.3,22.22,866610.0
2019-08-26,21.9,21.5,21.5,21.6,21.67,1704370.0
2019-08-27,21.8,21.35,21.75,21.4,21.57,1251600.0
2019-08-28,21.55,21.3,21.4,21.35,21.37,491400.0
2019-08-29,21.4,21.1,21.3,21.15,21.23,822670.0
2019-08-30,21.55,21.3,21.3,21.5,21.41,713630.0
2019-09-03,21.5,21.15,21.35,21.45,21.33,544160.0
2019-09-04,21.4,21.15,21.35,21.4,21.28,622780.0
2019-09-05,21.55,21.2,21.5,21.3,21.29,733580.0
2019-09-06,21.35,21.1,21.1,21.1,21.17,472420.0
2019-09-09,21.1,20.8,21.0,20.9,20.9,864150.0
2019-09-10,21.2,20.7,21.2,20.7,20.92,1105140.0
2019-09-11,20.85,20.6,20.8,20.75,20.73,569010.0
2019-09-12,21.0,20.75,20.85,20.85,20.9,681850.0
2019-09-13,21.5,20.85,20.9,21.35,21.19,2871350.0
2019-09-16,21.75,21.45,21.5,21.45,21.59,2321920.0
2019-09-17,21.65,21.3,21.45,21.65,21.47,1290550.0
2019-09-18,21.9,21.55,21.75,21.6,21.72,2024510.0
2019-09-19,21.75,21.4,21.75,21.75,21.55,1475040.0
2019-09-20,21.8,21.35,21.8,21.45,21.53,3372950.0
2019-09-23,21.65,21.35,21.6,21.35,21.49,1513730.0
2019-09-24,21.95,21.3,21.35,21.65,21.62,2397510.0
2019-09-25,21.75,21.45,21.6,21.65,21.56,1466500.0
2019-09-26,22.65,21.8,21.8,22.65,22.2,6380250.0
2019-09-27,23.25,22.6,22.75,23.2,22.95,4052950.0
2019-09-30,23.4,22.95,23.35,23.0,23.18,2832330.0
2019-10-01,23.2,22.85,22.9,23.15,23.02,2998990.0
2019-10-02,23.7,23.0,23.1,23.4,23.41,3730500.0
2019-10-03,23.5,23.0,23.15,23.4,23.28,2017010.0
2019-10-04,22.8,21.6,22.8,21.6,22.24,3431800.0
2019-10-07,21.8,21.1,21.65,21.1,21.41,1748860.0
2019-10-08,21.55,21.05,21.05,21.4,21.27,1284020.0
2019-10-09,21.6,21.2,21.5,21.3,21.37,1626100.0
2019-10-10,21.5,21.25,21.3,21.3,21.37,1479760.0
2019-10-11,21.4,21.2,21.35,21.3,21.3,1868890.0
2019-10-14,21.9,21.5,21.5,21.75,21.67,2618430.0
2019-10-15,21.85,21.55,21.85,21.6,21.67,1175550.0
2019-10-16,21.7,21.5,21.7,21.55,21.61,1399280.0
2019-10-17,21.55,21.3,21.55,21.35,21.42,1092380.0
2019-10-18,21.5,21.1,21.3,21.1,21.29,1287590.0
2019-10-21,21.0,20.8,20.9,20.8,20.89,1386210.0
2019-10-22,20.95,20.65,20.9,20.9,20.8,1056960.0
2019-10-23,21.0,20.8,20.85,20.8,20.91,736320.0
2019-10-24,21.3,20.85,20.9,21.3,21.06,1454750.0
2019-10-25,21.45,21.25,21.3,21.3,21.36,1154870.0
2019-10-28,21.65,21.25,21.5,21.25,21.41,1507540.0
2019-10-29,21.4,21.15,21.25,21.15,21.29,1162360.0
2019-10-30,21.4,21.15,21.15,21.35,21.29,1056930.0
2019-10-31,21.45,21.0,21.4,21.35,21.28,1786810.0
2019-11-01,21.7,21.15,21.3,21.5,21.47,3104820.0
2019-11-04,21.85,21.55,21.6,21.75,21.75,3298180.0
2019-11-05,21.95,21.75,21.85,21.8,21.81,2130290.0
2019-11-06,21.85,21.65,21.8,21.7,21.76,1545130.0
2019-11-07,22.2,21.65,21.7,22.05,21.92,2939090.0
2019-11-08,22.3,21.95,22.25,22.05,22.12,2388020.0
2019-11-11,22.05,21.7,22.05,21.7,21.88,1804140.0
2019-11-12,21.9,21.65,21.7,21.65,21.75,1526400.0
2019-11-13,21.75,21.5,21.7,21.65,21.65,1294780.0
2019-11-14,21.7,21.3,21.6,21.45,21.49,1586090.0
2019-11-15,21.45,21.1,21.4,21.1,21.23,1624740.0
2019-11-18,21.2,20.95,21.15,21.0,21.03,1089630.0
2019-11-19,21.25,21.0,21.0,21.1,21.1,904070.0
2019-11-20,21.15,20.9,21.15,20.9,20.99,1248390.0
2019-11-21,20.9,20.4,20.9,20.4,20.64,2083430.0
2019-11-22,20.65,20.05,20.6,20.1,20.25,1895590.0
2019-11-25,20.3,20.05,20.2,20.25,20.17,954610.0
2019-11-26,20.4,20.0,20.3,20.0,20.2,1658300.0
2019-11-27,20.1,19.85,20.1,19.85,19.98,1816170.0
2019-11-28,20.0,19.75,19.9,19.85,19.86,1132110.0
2019-11-29,19.95,19.8,19.85,19.8,19.86,1003800.0
2019-12-02,19.95,19.5,19.8,19.5,19.74,1531820.0
2019-12-03,19.6,19.25,19.25,19.3,19.43,1208130.0
2019-12-04,19.8,19.3,19.35,19.8,19.54,1058620.0
2019-12-05,20.0,19.6,19.9,19.6,19.82,718100.0
2019-12-06,19.7,19.5,19.65,19.5,19.6,606440.0
2019-12-09,19.85,19.45,19.5,19.6,19.68,842290.0
2019-12-10,19.6,19.1,19.6,19.2,19.31,1237160.0
2019-12-11,19.3,18.75,19.15,19.0,19.0,1402910.0
2019-12-12,19.4,18.95,19.15,19.4,19.13,1480900.0
2019-12-13,19.55,19.2,19.5,19.2,19.39,1035860.0
2019-12-16,19.3,19.0,19.2,19.05,19.13,826290.0
2019-12-17,19.15,18.65,19.1,18.65,18.86,1565970.0
2019-12-18,18.85,18.4,18.75,18.4,18.62,1375490.0
2019-12-19,18.6,18.1,18.4,18.1,18.32,992680.0
2019-12-20,18.45,18.1,18.2,18.3,18.28,1297840.0
2019-12-23,18.5,18.3,18.3,18.35,18.37,1083840.0
2019-12-24,18.45,18.2,18.3,18.35,18.29,879570.0
2019-12-25,18.35,18.15,18.35,18.2,18.27,915210.0
2019-12-26,18.3,18.1,18.15,18.25,18.19,712470.0
2019-12-27,18.25,18.05,18.15,18.1,18.12,1253730.0
2019-12-30,18.45,18.1,18.3,18.15,18.24,1089430.0
2019-12-31,18.2,18.05,18.15,18.05,18.1,1060150.0
2020-01-02,18.4,18.05,18.1,18.4,18.23,991450.0
2020-01-03,18.6,18.15,18.5,18.25,18.36,703890.0
2020-01-06,18.3,18.05,18.15,18.2,18.19,1348120.0
2020-01-07,18.3,18.15,18.2,18.25,18.22,643090.0
2020-01-08,18.1,17.55,18.05,17.75,17.9,2622960.0
2020-01-09,18.05,17.85,17.95,17.95,17.94,1149130.0
2020-01-10,18.35,17.9,18.0,18.3,18.11,2067400.0
2020-01-13,18.5,18.2,18.2,18.3,18.38,1125380.0
2020-01-14,18.45,18.25,18.3,18.4,18.37,1066740.0
2020-01-15,18.45,18.3,18.45,18.4,18.39,830260.0
2020-01-16,19.1,18.4,18.4,19.1,18.77,2384770.0
2020-01-17,19.5,19.0,19.2,19.25,19.24,2832740.0
2020-01-20,19.25,19.0,19.25,19.25,19.16,1288010.0
2020-01-21,19.45,19.05,19.1,19.25,19.31,1541100.0
2020-01-22,19.4,19.15,19.25,19.3,19.27,1729500.0
2020-01-30,18.95,18.1,18.95,18.5,18.53,2412920.0
2020-01-31,18.3,17.25,18.1,17.7,17.8,4457280.0
2020-02-03,17.1,16.5,16.8,17.05,16.78,3144570.0
2020-02-04,17.25,16.8,17.1,17.0,17.05,1782240.0
2020-02-05,17.25,16.9,17.1,16.95,17.07,2164080.0
2020-02-06,17.7,16.9,17.0,17.7,17.33,2870780.0
2020-02-07,17.95,17.5,17.7,17.7,17.76,2561750.0
2020-02-10,17.6,16.8,17.2,17.55,17.43,775620.0
2020-02-11,17.6,17.4,17.55,17.45,17.52,1521880.0
2020-02-12,17.8,17.5,17.5,17.8,17.7,2789960.0
2020-02-13,17.7,17.55,17.6,17.6,17.61,1264660.0
2020-02-14,17.85,17.5,17.6,17.8,17.68,1102790.0
2020-02-17,17.95,17.65,17.8,17.65,17.79,1955060.0
2020-02-18,17.7,17.4,17.65,17.55,17.57,1478110.0
2020-02-19,17.65,17.45,17.6,17.6,17.56,1668460.0
2020-02-20,17.85,17.5,17.7,17.6,17.65,1664520.0
2020-02-21,17.65,17.45,17.6,17.45,17.55,1197860.0
2020-02-24,17.15,16.25,17.05,16.25,16.62,3482920.0
2020-02-25,16.45,15.85,15.85,16.4,16.09,1693240.0
2020-02-26,16.7,15.9,16.0,16.1,16.17,1038320.0
2020-02-27,16.5,15.95,16.0,16.5,16.21,1490420.0
2020-02-28,16.2,15.8,16.15,15.9,16.0,1987700.0
2020-03-02,16.1,15.75,16.05,15.8,15.87,2114140.0
2020-03-03,16.25,15.95,16.1,15.95,16.1,2088500.0
2020-03-04,16.45,15.9,16.0,16.25,16.22,2852970.0
2020-03-05,16.95,16.45,16.55,16.8,16.72,3298460.0
2020-03-06,16.75,16.45,16.75,16.7,16.61,1362870.0
2020-03-09,15.8,15.55,15.55,15.55,15.6,3576610.0
2020-03-10,15.65,14.9,14.9,15.55,15.24,3374030.0
2020-03-11,15.85,14.5,15.85,14.5,14.77,3614130.0
2020-03-12,14.0,13.5,13.8,13.55,13.65,4606030.0
2020-03-13,13.75,12.7,12.7,13.3,13.05,4484960.0
2020-03-16,13.6,13.2,13.5,13.3,13.36,2897920.0
2020-03-17,14.2,12.8,13.1,14.2,13.52,4834780.0
2020-03-18,14.4,13.6,14.4,13.7,13.89,3190370.0
2020-03-19,13.9,13.3,13.4,13.7,13.64,2568540.0
2020-03-20,14.05,13.6,14.0,13.85,13.8,2868770.0
2020-03-23,13.4,12.9,13.2,12.9,12.98,3296350.0
2020-03-24,13.0,12.2,12.95,12.5,12.67,3009990.0
2020-03-25,13.35,12.75,13.0,13.35,13.07,2376040.0
2020-03-26,13.25,12.9,13.2,12.95,13.04,1256940.0
2020-03-27,13.05,12.35,13.0,12.35,12.74,2469460.0
2020-03-30,11.9,11.5,11.9,11.5,11.6,2427550.0
2020-03-31,11.95,11.1,11.65,11.6,11.61,1680730.0
2020-04-01,12.4,11.6,11.6,12.4,12.32,3715270.0
2020-04-03,13.25,12.8,12.9,13.25,13.18,4544530.0
2020-04-06,14.15,13.8,13.95,14.15,14.1,5473010.0
2020-04-07,14.55,14.0,14.5,14.15,14.22,6377610.0
2020-04-08,14.5,13.6,13.9,14.35,13.94,4091610.0
2020-04-09,13.2,12.95,13.0,13.2,13.15,5507100.0
2020-04-10,13.6,13.0,13.3,13.3,13.34,3233820.0
2020-04-13,13.4,13.0,13.15,13.15,13.24,3573400.0
2020-04-14,13.2,12.75,13.05,13.2,12.99,3902110.0
2020-04-15,13.45,13.2,13.3,13.35,13.33,3075990.0
2020-04-16,13.55,13.1,13.2,13.35,13.36,2603060.0
2020-04-17,13.8,13.45,13.5,13.6,13.59,3936040.0
2020-04-20,13.8,13.45,13.65,13.7,13.63,3326260.0
2020-04-21,13.45,12.75,13.3,12.85,13.08,4437860.0
2020-04-22,13.45,12.5,12.5,13.3,12.86,3435210.0
2020-04-23,13.8,13.3,13.5,13.3,13.55,2594810.0
2020-04-24,13.35,13.05,13.25,13.25,13.2,1507530.0
2020-04-27,13.35,13.05,13.35,13.1,13.17,2112890.0
2020-04-28,13.1,12.8,13.1,12.95,12.92,2587110.0
2020-04-29,13.1,12.9,13.0,13.0,12.99,1454150.0
2020-05-04,13.0,12.7,12.9,12.7,12.82,2180310.0
2020-05-05,12.9,12.6,12.7,12.65,12.71,1667710.0
2020-05-06,13.0,12.7,12.75,12.95,12.85,1675700.0
2020-05-07,13.2,12.9,12.95,13.2,13.04,2332040.0
2020-05-08,13.8,13.2,13.2,13.5,13.55,7919390.0
2020-05-11,14.15,13.65,13.7,14.15,13.92,6209600.0
2020-05-12,14.35,13.8,14.0,14.2,14.12,3956090.0
2020-05-13,14.3,13.7,14.0,14.05,14.0,5490540.0
2020-05-14,14.65,13.85,13.85,14.25,14.32,5857120.0
2020-05-15,14.45,13.9,14.35,13.95,14.1,3732360.0
2020-05-18,14.2,13.85,13.95,14.15,14.04,2313840.0
2020-05-19,14.6,14.2,14.5,14.3,14.45,6873020.0
2020-05-20,14.4,14.2,14.25,14.3,14.3,2577550.0
2020-05-21,14.5,14.2,14.45,14.35,14.34,3314490.0
2020-05-22,14.7,14.1,14.2,14.3,14.44,7455010.0
2020-05-25,14.6,14.3,14.4,14.55,14.5,6022830.0
2020-05-26,15.4,14.65,14.7,15.35,15.11,8120570.0
2020-05-27,15.55,14.9,15.5,14.9,15.32,7938010.0
2020-05-28,15.1,14.8,14.9,14.85,14.94,4876490.0
2020-05-29,14.9,14.65,14.8,14.8,14.77,3573780.0
2020-06-01,15.3,14.85,14.9,15.2,15.13,4455460.0
2020-06-02,15.35,15.0,15.3,15.05,15.21,6106810.0
2020-06-03,15.2,15.0,15.1,15.2,15.1,3251400.0
2020-06-04,15.95,15.45,15.45,15.7,15.75,9360040.0
2020-06-05,15.8,15.5,15.7,15.7,15.68,5731890.0
2020-06-08,16.2,15.9,16.2,16.05,16.08,5993130.0
2020-06-09,16.3,15.8,16.3,15.85,16.01,6435790.0
2020-06-10,16.1,15.4,15.75,16.0,15.79,6544090.0
2020-06-11,16.2,14.9,16.0,14.9,15.66,9349070.0
2020-06-12,15.5,14.3,14.6,15.5,14.81,7587730.0
2020-06-15,15.55,14.45,15.5,14.45,14.76,7253720.0
2020-06-16,15.25,14.75,15.0,15.2,15.03,5005720.0
2020-06-17,15.25,14.85,15.15,15.0,15.06,2911920.0
2020-06-18,15.0,14.7,14.7,15.0,14.9,1838500.0
2020-06-19,15.3,14.9,15.0,15.3,15.18,4986110.0
2020-06-22,15.5,14.95,15.3,15.2,15.2,3766890.0
2020-06-23,16.25,15.45,15.45,16.1,15.98,14025040.0
2020-06-24,16.35,15.7,16.1,15.75,16.01,5975970.0
2020-06-25,15.85,15.4,15.65,15.8,15.64,3914840.0
2020-06-26,16.2,15.45,15.9,15.5,15.74,4919890.0
2020-06-29,15.5,14.65,15.5,14.8,15.0,7502050.0
2020-06-30,15.25,14.45,15.2,14.8,14.82,3781930.0
2020-07-01,15.4,14.75,14.95,15.3,15.1,3435740.0
2020-07-02,15.3,15.05,15.3,15.15,15.18,2325600.0
2020-07-03,15.3,15.1,15.3,15.15,15.19,2288480.0
2020-07-06,15.6,15.15,15.3,15.6,15.42,3984350.0
2020-07-07,15.85,15.5,15.7,15.55,15.71,4850680.0
2020-07-08,15.7,15.35,15.5,15.7,15.59,2493090.0
2020-07-09,16.0,15.7,15.9,15.85,15.85,4876340.0
2020-07-10,16.15,15.75,15.75,15.95,15.97,9082870.0
2020-07-13,16.25,15.85,16.2,15.95,16.05,5298630.0
2020-07-14,16.7,15.9,15.9,16.7,16.288,9138070.0
2020-07-15,16.8,16.5,16.8,16.55,16.67,4340580.0
2020-07-16,16.7,16.5,16.6,16.6,16.58,3531900.0
2020-07-17,16.95,16.5,16.55,16.7,16.74,6824380.0
2020-07-20,16.0,15.45,16.0,15.45,15.72,6438130.0
2020-07-21,15.7,15.1,15.65,15.25,15.37,6953920.0
2020-07-22,15.45,15.05,15.4,15.05,15.22,3959010.0
2020-07-23,15.15,14.85,15.1,14.9,14.97,4378660.0
2020-07-24,14.9,13.95,14.85,14.3,14.36,9774930.0
2020-07-27,14.0,13.3,13.5,13.3,13.52,8310880.0
2020-07-28,14.2,13.35,13.8,14.2,13.837,6648230.0
2020-07-29,14.0,13.25,14.0,13.55,13.55,6325100.0
2020-07-30,13.9,13.6,13.6,13.75,13.75,2699550.0
2020-07-31,13.8,13.35,13.4,13.55,13.61,2832300.0
2020-08-03,14.2,13.5,13.5,14.1,13.93,5017010.0
2020-08-04,14.45,14.05,14.35,14.35,14.24,4642760.0
2020-08-05,14.7,14.15,14.2,14.5,14.49,4672060.0
2020-08-06,14.55,14.3,14.45,14.35,14.41,4168520.0
2020-08-07,14.45,14.2,14.35,14.25,14.31,2562160.0
2020-08-10,14.6,14.4,14.5,14.4,14.5,3288010.0
2020-08-11,14.75,14.4,14.55,14.7,14.59,5313900.0
2020-08-12,14.8,14.5,14.75,14.65,14.63,2877790.0
2020-08-13,14.9,14.6,14.7,14.85,14.74,3734680.0
2020-08-14,14.9,14.45,14.8,14.6,14.68,4301340.0
2020-08-17,14.6,14.25,14.6,14.5,14.41,3811840.0
2020-08-18,14.6,14.35,14.5,14.4,14.48,1931160.0
2020-08-19,14.6,14.35,14.35,14.55,14.46,2670190.0
2020-08-20,14.6,14.35,14.55,14.35,14.43,2703510.0
2020-08-21,14.7,14.35,14.45,14.7,14.57,3758250.0
2020-08-24,15.1,14.75,14.85,15.0,14.94,7044900.0
2020-08-25,15.25,14.95,15.15,15.0,15.06,4611300.0
2020-08-26,15.2,14.95,15.05,15.05,15.11,5419820.0
2020-08-27,15.15,14.95,15.05,15.1,15.05,3711300.0
2020-08-28,15.4,15.1,15.25,15.1,15.24,5869960.0
2020-08-31,15.25,14.85,15.15,14.9,15.04,3994730.0
2020-09-01,15.1,14.8,14.85,15.1,14.96,3449300.0
2020-09-03,15.35,15.1,15.35,15.25,15.23,4876180.0
2020-09-04,15.7,14.85,15.0,15.4,15.34,9713580.0
2020-09-07,15.85,15.3,15.5,15.35,15.59,9582630.0
2020-09-08,15.8,15.3,15.45,15.8,15.55,6831470.0
2020-09-09,15.9,15.45,15.5,15.85,15.74,7044490.0
2020-09-10,16.15,15.85,15.95,15.85,15.99,8787650.0
2020-09-11,15.95,15.7,15.85,15.75,15.85,4402790.0
2020-09-14,15.9,15.65,15.85,15.75,15.76,4644580.0
2020-09-15,16.15,15.75,15.8,15.8,15.95,7005050.0
2020-09-16,16.1,15.8,15.8,15.9,15.94,3807390.0
2020-09-17,16.05,15.8,15.95,16.0,15.93,6000380.0
2020-09-18,16.45,15.95,16.0,16.3,16.28,7903190.0
2020-09-21,16.75,16.35,16.45,16.5,16.59,8122870.0
2020-09-22,16.6,16.35,16.35,16.55,16.51,6821140.0
2020-09-23,16.8,16.55,16.55,16.7,16.68,5699700.0
2020-09-24,16.8,16.5,16.6,16.55,16.61,4564860.0
2020-09-25,16.65,16.25,16.6,16.45,16.39,7290520.0
2020-09-28,16.95,16.55,16.55,16.9,16.77,5215260.0
2020-09-29,17.15,16.7,17.1,16.75,17.0,6122220.0
2020-09-30,17.0,16.6,16.75,16.95,16.78,4432160.0
2020-10-01,18.0,17.0,17.1,17.8,17.57,10321030.0
2020-10-02,18.05,17.0,17.9,17.75,17.71,10961430.0
2020-10-05,18.3,17.8,18.05,18.25,18.08,6672820.0
2020-10-06,18.35,17.95,18.25,18.15,18.16,5228170.0
2020-10-07,18.15,17.8,18.0,17.85,17.98,5770720.0
2020-10-08,18.05,17.6,18.0,17.85,17.8,4663470.0
2020-10-09,18.25,17.85,18.0,18.0,18.06,3870610.0
2020-10-12,18.2,17.75,18.2,17.85,17.99,4849320.0
2020-10-13,17.95,17.55,17.85,17.55,17.738,4374250.0
2020-10-14,18.1,17.45,17.6,18.1,17.833,5379490.0
2020-10-15,18.35,18.05,18.3,18.15,18.21,4732880.0
2020-10-16,18.3,17.95,18.1,18.15,18.12,4444100.0
2020-10-19,18.7,18.15,18.3,18.35,18.46,9462400.0
2020-10-20,18.35,17.9,18.35,18.2,18.187,4191320.0
2020-10-21,18.3,17.7,18.2,17.7,18.0,7065620.0
2020-10-22,18.0,17.4,17.55,18.0,17.6,6686080.0
2020-10-23,18.15,17.7,18.1,17.9,17.88,4370330.0
2020-10-26,18.1,17.6,17.9,17.6,17.85,4731880.0
2020-10-27,17.65,17.2,17.5,17.2,17.43,5449930.0
2020-10-28,17.25,16.5,17.1,16.7,16.96,5918990.0
2020-10-29,17.1,16.45,16.5,17.1,16.74,4799470.0
2020-10-30,17.15,16.7,17.1,17.1,16.96,3028990.0
2020-11-02,17.15,16.9,17.1,17.15,17.03,1678320.0
2020-11-03,17.4,17.2,17.25,17.35,17.31,3118820.0
2020-11-04,17.55,17.25,17.4,17.5,17.47,4575940.0
2020-11-05,17.55,17.25,17.4,17.25,17.41,2486250.0
2020-11-06,17.35,17.05,17.25,17.15,17.14,1527160.0
2020-11-09,17.6,17.25,17.25,17.5,17.48,3963600.0
2020-11-10,18.05,17.6,17.75,17.7,17.82,8816320.0
2020-11-11,17.9,17.5,17.8,17.5,17.7,4848370.0
2020-11-12,17.7,17.45,17.6,17.5,17.56,3643040.0
2020-11-13,17.8,17.45,17.6,17.8,17.63,4197980.0
2020-11-16,18.1,17.7,18.0,17.7,17.87,6268580.0
2020-11-17,18.25,17.65,17.85,18.25,17.97,8582800.0
2020-11-18,18.6,18.2,18.3,18.4,18.42,7510860.0
2020-11-19,18.6,18.3,18.55,18.45,18.48,5201760.0
2020-11-20,18.5,18.1,18.45,18.2,18.26,6053890.0
2020-11-23,18.75,18.05,18.2,18.7,18.45,9362300.0
2020-11-24,19.1,18.6,18.8,18.95,18.85,10946270.0
2020-11-25,19.3,18.95,19.0,19.2,19.16,8630730.0
2020-11-26,19.3,18.85,19.15,19.15,19.07,5344370.0
2020-11-27,19.4,19.15,19.15,19.35,19.29,4608770.0
2020-11-30,19.6,19.2,19.4,19.25,19.39,6728330.0
2020-12-01,19.4,18.8,18.8,19.4,19.08,8794040.0
2020-12-02,19.85,19.35,19.4,19.7,19.67,7098230.0
2020-12-03,20.4,19.8,19.9,20.2,20.17,8053380.0
2020-12-04,20.3,20.0,20.2,20.05,20.14,6343360.0
2020-12-07,20.6,20.25,20.35,20.55,20.47,7082510.0
2020-12-08,21.95,20.65,20.65,21.9,21.33,11532900.0
2020-12-09,23.2,22.2,22.2,22.7,22.71,13762100.0
2020-12-10,23.25,22.4,22.7,22.8,22.78,9858070.0
2020-12-11,23.55,22.55,22.8,23.55,23.08,9023250.0
2020-12-14,25.15,24.0,24.1,25.15,24.84,11829490.0
2020-12-15,26.1,24.8,24.8,25.5,25.43,15342550.0
2020-12-16,25.8,25.0,25.6,25.05,25.4,14443400.0
2020-12-17,25.6,24.6,24.8,25.05,25.06,13209050.0
2020-12-18,26.8,25.15,25.4,26.8,26.07,14808270.0
2020-12-21,28.65,27.2,27.4,28.65,28.37,14052330.0
2020-12-22,29.95,28.45,29.0,29.6,29.22,12607350.0
2020-12-23,29.4,28.5,29.35,28.8,28.96,13975960.0
2020-12-24,28.8,26.8,28.7,28.35,27.71,15882040.0
2020-12-25,30.3,27.65,28.0,30.3,29.6,16010740.0
2020-12-28,32.25,31.1,31.7,32.0,31.93,12578470.0
2020-12-29,32.15,31.1,31.5,31.7,31.7,11912020.0
2020-12-30,31.95,31.0,31.4,31.5,31.62,10530310.0
2020-12-31,33.45,31.45,31.5,33.1,32.32,9645420.0
